174.0,69.8
172.2,66.90000000000001
178.8,58.9
177.0,66.90000000000001
169.7,66.59999999999999
178.1,82.90000000000001
167.3,66.8
183.0,67.3
171.0,76.40000000000001
172.6,78.8
170.4,71.8
177.8,73.3
178.4,86.40000000000001
178.6,60.6
175.7,79.90000000000001
175.4,64.09999999999999
179.6,81.90000000000001
166.9,59.5
173.0,59.1
176.3,72.90000000000001
170.3,60
174.2,59.1
172.0,65.59999999999999
175.5,75.2
168.9,66.90000000000001
177.1,66.7
172.4,62.6
167.5,55.7
179.8,70.7
170.8,63.1
183.2,81.59999999999999
171.3,79.7
179.8,63.1
171.3,68.7
185.5,85.09999999999999
169.6,69.09999999999999
180.7,63.6
180.1,69.7
166.3,74
173.9,63.8
171.0,71.3
171.1,73.90000000000001
166.2,69.3
172.0,68
167.9,56.8
185.4,75.8
171.0,77.3
162.8,64
170.8,60.6
183.6,74.90000000000001
176.6,56.1
172.7,67
167.7,64.40000000000001
178.1,80.90000000000001
167.9,68.40000000000001
169.2,67.3
180.0,54.9
168.8,52.3
166.1,61.5
178.4,71.59999999999999
159.5,54.1
163.0,64.90000000000001
170.5,78.90000000000001
171.1,63.7
171.0,65.7
175.6,68.5
171.8,77.09999999999999
173.9,63.8
179.0,82.5
175.5,63.8
176.2,70.5
173.2,77.5
171.5,49
170.1,71.5
171.5,75.90000000000001
172.7,79.40000000000001
174.6,70
168.7,61.4
164.7,91.7
168.3,65.40000000000001
176.3,86.2
171.0,66.40000000000001
171.0,65.40000000000001
171.3,83.59999999999999
183.3,82.90000000000001
168.9,54.6
177.5,75
175.4,80.8
168.3,76.90000000000001
177.4,76.5
165.1,64.5
174.8,72.09999999999999
174.9,65.7
171.5,62.1
171.1,76.5
170.2,63.2
174.4,75.7
177.8,65.3
166.2,62.3
173.8,59.9
181.3,78.3
175.0,75.7
170.2,76.40000000000001
173.5,80.59999999999999
175.3,57.5
169.4,58.4
166.8,60.4
174.9,72
178.3,63.8
173.3,62.6
169.6,65.8
166.3,61.1
172.3,58.1
167.8,57.4
178.4,66.59999999999999
175.8,79.90000000000001
168.5,59.6
174.0,67.5
163.5,58.8
172.3,60.6
173.2,59.4
185.7,81
168.6,56.4
169.8,54.3
175.4,67.90000000000001
177.4,71.2
165.8,69.7
168.4,68.40000000000001
182.9,97.90000000000001
173.2,77.90000000000001
172.3,69.8
191.9,76
168.7,71.7
182.1,75.40000000000001
172.1,67.7
173.3,64.3
178.0,79.7
172.3,59.8
168.6,79.2
185.8,83.7
172.0,71.2
174.4,57
181.3,78.3
170.6,66.59999999999999
170.0,66.5
181.4,63.3
168.8,62.1
177.0,63
176.4,67.09999999999999
188.7,72.7
171.3,61.2
175.1,70
163.5,81.3
176.2,74.2
167.9,66.90000000000001
175.6,76.2
172.8,66.2
173.8,70.90000000000001
177.4,67.7
177.3,69.90000000000001
179.0,91.2
167.5,64.3
179.1,56.8
179.5,76.09999999999999
174.7,58.5
177.2,66.8
169.8,65.3
176.1,69.40000000000001
175.1,62.1
166.0,58.5
174.1,71.8
176.9,78.7
173.0,60.7
176.0,72.8
172.8,67.5
170.3,68.40000000000001
174.9,59.8
173.8,79.5
170.5,74.90000000000001
175.8,74.8
165.6,54.2
165.8,63
176.1,90.09999999999999
177.0,66.7
178.8,68.90000000000001
178.6,76.59999999999999
179.2,67.09999999999999
170.8,61.5
179.4,81.90000000000001
170.8,61.2
168.2,57
176.8,70.90000000000001
172.9,58.3
182.5,73.40000000000001
177.4,72.09999999999999
133.0,31.6
116.0,19.4
124.3,23.6
114.4,19.9
127.7,37.1
134.0,37.2
126.3,21.8
123.8,27.4
121.1,21.2
104.7,17.2
118.7,19.8
128.9,27.2
131.6,31.9
126.5,25.1
123.0,22.7
126.4,26.2
116.8,21
118.0,24.9
112.4,22
116.3,24.8
139.1,34.1
148.3,54.5
148.6,44.7
147.2,56.2
145.7,45.6
158.7,51.4
156.8,59.6
157.4,50.9
151.4,36.9
149.0,36.9
160.3,54.1
148.5,56.6
163.6,68.7
159.1,47.3
155.4,68.5
157.9,63.6
138.2,30.9
155.1,76.8
140.3,40.2
146.3,62.7
155.2,38
160.5,63.5
168.4,88.8
158.5,51.6
133.3,27.8
133.1,29.9
116.7,21.7
133.1,33.1
125.0,21.5
130.2,29.6
127.4,23.4
124.0,23.2
137.9,56
124.6,28.1
120.4,23.2
115.7,19.6
129.3,25.2
126.0,23.5
119.6,20
128.5,41.2
116.2,23.6
125.6,30.6
123.4,29.8
128.9,25.6
127.5,30.2
124.7,24.8
130.5,39.9
128.2,29.8
133.3,28.3
124.5,25
128.2,41.8
128.3,29.3
133.6,31.2
147.6,49.1
141.1,32.3
149.8,59.6
143.5,43.3
150.0,48.8
147.4,54.2
142.3,39.1
151.8,41.9
145.5,43.6
150.7,50.9
142.0,36.9
145.7,37.6
144.2,39
142.5,42
133.6,28.3
152.4,36.5
150.8,63.5
144.4,39.3
156.9,63.4
135.5,33.6
152.7,43.6
136.9,29.7
142.8,35.5
142.8,46.4
155.0,45.3
143.0,35.8
145.0,36.2
133.3,38.1
144.3,48.9
146.5,42.8
129.6,35.2
130.7,22.5
128.3,28.6
131.5,29.1
116.0,22.5
133.2,30.1
131.6,30.4
132.4,33.6
138.5,34.6
130.6,28.6
139.6,50.6
142.6,35
137.8,30.5
139.9,34.5
142.0,43.5
130.1,28.2
133.9,38.1
138.0,34.5
127.3,27.9
139.6,36.3
145.7,48.9
142.0,45.1
135.6,29.5
137.8,43.9
125.2,22.7
137.8,43.2
141.5,36.6
135.0,29.4
131.4,33.1
131.8,34.4
147.9,53.8
142.4,34.3
143.5,41.9
151.4,51.5
163.4,46.5
142.5,46
143.0,41.3
135.8,28.6
162.1,71.2
154.0,34.8
137.5,28.6
145.4,49
138.5,32.2
142.1,42.7
136.7,35.4
141.0,42.6
134.5,25.3
140.5,46.3
135.6,53.2
142.1,34.6
140.2,38.2
140.5,60.2
136.0,29.7
132.8,31.4
133.8,37
129.7,32.7
134.4,31.6
126.9,27.5
130.3,27.2
134.8,36.3
141.4,30.4
144.8,44
137.5,32.5
135.6,29.5
141.6,45.1
141.9,49.2
140.4,34.9
143.2,30.7
143.7,43.2
128.0,23.9
137.2,29.6
143.6,36.5
125.5,24.9
140.6,34.5
144.0,41.5
144.5,45.5
146.4,39.2
133.7,24.7
137.5,48.8
142.9,46.2
164.0,71.40000000000001
164.2,48.5
164.5,78
175.7,79.90000000000001
159.0,45.3
163.8,70.09999999999999
137.3,37.3
158.5,48
171.5,51.1
158.0,56.5
149.8,45.5
168.7,75.8
145.0,33.1
149.7,40.3
162.7,57.7
153.4,44.9
170.5,77.7
157.4,53.7
156.8,44.3
168.7,80.7
163.3,46.3
168.4,56.5
158.4,70.59999999999999
170.8,56.5
165.7,50.8
151.1,41.3
157.9,44.4
164.9,59.9
162.4,62.1
173.1,76.59999999999999
138.1,27.9
156.7,52.2
172.4,60
161.8,48.9
148.3,65.5
163.5,88.40000000000001
146.5,55.5
159.7,61.8
166.5,52.9
158.6,41.7
148.2,43.8
167.0,57.3
170.9,69.7
163.5,58.4
170.2,54.2
170.9,46.2
177.3,61.1
166.5,111.3
167.2,49.3
166.7,47.3
171.4,66.40000000000001
150.5,44.3
152.0,55
163.6,58.5
174.7,58.3
158.3,58.4
166.2,88.40000000000001
164.7,49.5
154.0,36.2
173.5,79.09999999999999
158.5,43.9
170.0,55.1
167.5,67.2
159.5,44.1
168.8,62.9
173.2,65.90000000000001
167.0,51.9
170.0,83.90000000000001
169.6,48.5
174.8,91.40000000000001
168.0,54.3
152.6,37.6
164.2,83.2
159.2,60.9
161.5,45.8
166.0,75.90000000000001
163.7,54.9
165.1,43.4
161.3,54.7
175.2,65.5
159.8,47.7
160.5,40.7
155.3,44.1
163.3,49.2
141.6,31.3
160.4,46.4
167.4,60.6
157.0,52.7
165.1,51.4
172.2,72.09999999999999
165.5,48
172.6,64
167.4,66.8
158.7,64.8
166.3,51.5
153.0,44.9
163.5,49.4
154.8,44.4
157.9,49.5
164.1,49.4
157.0,45.9
173.3,63.7
151.5,46.2
173.0,63.2
160.0,51.1
167.0,57.9
169.0,58.7
164.7,63
175.8,78.40000000000001
172.6,51.5
160.4,60.6
159.7,50.6
174.2,89.40000000000001
163.5,69.8
166.4,46.8
166.2,53.9
161.5,60.3
164.6,49.5
151.0,35.8
161.6,57.6
165.5,54.5
163.1,49.3
162.6,52.8
166.7,60.5
162.3,53.5
173.0,74.59999999999999
165.0,82.5
173.3,56.5
170.0,53.9
165.2,62.8
165.0,68.3
160.4,59.4
165.8,67.90000000000001
172.7,57.6
161.0,70.90000000000001
152.0,33.8
157.5,62.8
164.6,66.09999999999999
162.0,49.7
177.8,98.09999999999999
168.8,73.59999999999999
159.4,41.4
151.8,49.2
158.4,40.4
169.9,60.6
169.0,95.2
166.7,57.7
159.0,65.09999999999999
170.1,67.59999999999999
155.8,43.7
156.0,57.5
142.2,45.2
160.0,48.5
149.9,52
171.2,55.8
165.8,54.2
165.0,52.6
158.8,43.5
167.8,57.9
154.5,41.5
165.0,67.7
166.5,56.9
170.0,49.7
159.9,52.8
167.7,52
155.4,43
170.0,54.8
160.7,80.40000000000001
153.1,56.5
166.2,69.5
164.0,58.2
157.3,43.7
153.3,52.9
160.2,54.5
151.4,53.5
169.7,75.09999999999999
160.3,55.7
148.9,48.5
157.2,52.4
160.1,72.3
166.8,99.90000000000001
171.6,73.40000000000001
170.4,67.7
154.5,54.6
154.6,50
152.5,60.3
153.0,59.1
163.7,61.3
166.7,65.3
154.8,45.6
163.0,62.5
158.8,49.9
169.7,96.7
172.6,73.8
165.6,54.6
142.2,36.7
162.9,67.09999999999999
160.3,69.8
161.3,49.6
156.8,55.1
162.4,66.59999999999999
160.2,56.1
149.8,39.7
158.5,62.2
157.2,45.5
153.7,42
145.7,32
157.5,42.1
160.1,51.7
151.4,55
155.4,54.8
171.6,55.2
161.9,51.7
167.5,72.09999999999999
163.5,55.5
171.2,49.8
167.7,51.5
173.8,93.8
164.2,50.9
168.3,75.90000000000001
170.3,66.59999999999999
171.9,59.2
171.8,73.40000000000001
163.0,68
168.3,78.59999999999999
163.1,58.1
164.8,60.1
159.8,42.8
166.2,63.1
149.0,58
152.3,41.6
163.2,49.1
164.7,53.5
158.4,57.7
165.0,57.8
166.2,65
161.9,60.9
164.1,48.9
167.0,57.6
152.8,41
169.6,65.8
166.9,68.8
149.1,39.1
164.2,63
171.5,71.2
162.6,41.8
173.5,58.8
162.8,64.2
174.5,50.6
177.0,58.9
175.4,86
164.3,53.1
157.9,48.4
169.0,48.8
163.3,59.1
155.1,50.7
163.8,49.2
156.1,45.4
162.5,62.4
164.3,57.9
172.8,53.3
162.3,67
167.0,55.7
171.5,55.3
173.7,85.59999999999999
170.8,51.5
172.2,66.3
169.3,49.8
167.8,59
170.8,50.5
170.0,69.09999999999999
166.6,67.90000000000001
166.2,92.90000000000001
161.3,56.2
143.2,30
161.0,49.5
174.5,66.40000000000001
170.0,79.7
169.4,50.6
157.2,44.2
174.5,65.3
167.0,52.1
173.2,52.5
164.5,52.2
165.6,54.8
180.2,70.40000000000001
166.6,62.4
168.3,45.2
170.9,57.9
166.0,55.4
169.0,58.7
155.3,45.7
171.7,60.2
163.3,50.5
157.8,45.5
157.8,56.6
150.8,39.7
146.2,49.4
152.3,44.3
162.0,51.5
170.1,51.7
154.2,62.9
152.5,57.4
158.8,64.5
158.3,43.7
165.5,57.2
145.4,46.7
154.7,61.4
155.4,49.6
144.5,38.6
157.4,38.1
165.1,56.6
148.8,37.6
150.4,45.3
166.4,54.5
159.8,42.6
161.6,50.8
152.2,56.6
161.0,62.4
166.0,59.5
153.6,38.7
157.0,44.9
162.5,57.8
162.6,57.4
170.3,51.4
156.0,52.5
171.4,51
171.0,77.40000000000001
161.3,46.7
154.5,56.5
159.4,58.8
179.4,63.5
160.9,62.5
138.3,37.2
143.4,28
152.7,58.3
139.7,28.6
148.3,37.7
149.2,48.9
147.0,61.4
137.2,39.9
145.1,48
138.8,26.1
157.4,47.2
144.0,35.9
153.8,55.5
162.2,70
148.5,51.2
145.0,41.2
156.8,41.9
159.0,45.6
155.0,45.7
153.8,69.5
157.0,43.6
153.7,44.7
149.6,39.8
146.9,40.9
141.5,35
167.0,73.3
145.5,32.2
150.7,50.6
151.3,43.5
159.0,60.9
156.5,44.5
140.6,31
142.8,31.5
165.0,61.3
153.4,43.5
157.0,75.59999999999999
149.9,41.8
144.9,32.8
149.2,44.1
145.7,47
137.8,37.2
130.8,28
127.9,27.6
137.5,29.9
138.2,31.8
137.2,32.1
136.7,32.6
136.8,32.1
134.5,28.5
135.2,26.9
131.6,30.4
131.8,33.2
130.2,24.5
132.8,30.2
134.2,29.1
132.5,29.8
130.7,33.5
130.2,28.2
123.6,22.2
129.0,27.7
134.5,28.8
133.6,32.3
134.3,38.4
126.2,23.3
127.4,35.3
141.5,47
134.7,32.3
139.9,29.3
133.5,28.3
136.7,29.2
135.0,26.5
146.3,43.3
139.3,35.7
137.7,30
145.6,56.4
136.1,27.1
143.0,55.5
138.5,29.3
140.5,32.5
143.7,46.7
145.8,53.5
131.0,27
145.0,44.3
129.9,26.4
141.0,37.8
133.3,28.8
136.5,29
138.6,39.8
139.5,46
135.0,29.7
139.0,45.1
136.4,29.9
154.1,41.3
129.9,22.8
135.2,40.6
140.6,36
137.0,31.4
133.4,34.2
130.0,24.2
139.8,33.5
136.1,32.7
140.0,35.3
143.8,35.4
139.5,29.2
146.5,38
137.6,35.8
137.9,32.1
142.5,49.9
145.3,32.2
149.9,56.6
144.8,33
135.0,34
134.2,30.3
146.8,38.3
150.6,63.7
145.7,34.8
136.8,25.8
140.0,31.1
145.7,52.6
143.4,33.1
124.1,26.2
124.6,22.6
125.0,27.3
124.5,30.1
133.2,36
124.0,23.6
115.9,20.3
113.8,18.5
139.7,45.2
123.0,27.9
119.3,20.7
124.7,32
125.2,27.3
121.7,25.2
129.5,24.4
128.9,27.6
119.7,22.6
120.0,19.9
117.0,22.2
124.5,26.7
126.8,24.1
132.6,28.8
127.7,23.8
121.0,22.4
130.8,25.7
116.6,20.7
119.2,23
125.2,27.3
128.9,25.2
132.5,27.7
131.1,39.1
123.3,26.9
125.2,26.5
130.0,26.7
124.4,25.2
122.1,20.6
119.5,23.8
129.2,34.3
124.3,24.6
123.1,22.6
172.4,73.7
184.5,66.59999999999999
165.0,50.3
179.5,81.40000000000001
177.1,64
176.6,76.8
164.6,71.2
179.2,88.90000000000001
169.1,57.1
182.6,60
178.8,60.8
165.4,51
182.0,60.2
172.3,53.8
181.8,70.59999999999999
169.8,51.8
169.2,64.3
169.0,57.6
170.5,55.8
174.4,50.3
180.6,96.90000000000001
170.7,65
174.5,74.3
178.0,67
169.8,75.59999999999999
173.3,61.5
172.5,72.2
164.5,53.5
174.3,62.5
171.1,58.4
182.3,76.7
179.8,63
172.7,77
175.4,55.2
168.3,48.2
180.7,56.7
165.0,51.8
172.5,56.3
177.2,78.59999999999999
170.5,80.09999999999999
166.8,50.3
186.0,79.09999999999999
178.5,94.8
172.6,63.3
171.2,70.7
176.5,74.90000000000001
173.0,72.8
175.1,63
182.7,76.8
169.5,60.4
174.4,66.8
181.5,68.59999999999999
171.1,58.9
181.6,61.1
169.8,61.6
169.7,58
159.6,47.2
169.7,52.5
182.4,72
174.7,77.3
162.4,45.2
183.3,70.3
175.3,66.59999999999999
169.0,61.7
177.0,55.9
173.5,61
176.3,69.40000000000001
175.7,59.8
164.2,62.8
168.1,48.5
174.1,55.4
179.4,58.4
187.2,71.09999999999999
176.2,87.09999999999999
170.0,82.8
157.2,63.9
168.5,51.2
173.6,69.40000000000001
181.5,75.09999999999999
165.8,54
177.8,63.6
170.0,58.1
177.5,69.8
168.5,60.7
168.5,56.4
170.1,65.3
182.4,71.40000000000001
173.2,66
179.4,83.59999999999999
167.1,73.2
178.6,91.40000000000001
174.9,68.90000000000001
168.8,60.8
168.0,64
186.4,60.7
173.0,58.6
170.0,80.59999999999999
178.8,68.3
176.3,74.2
171.0,73.40000000000001
177.2,78.90000000000001
176.8,75.09999999999999
174.6,57.1
170.0,74.8
175.8,87.90000000000001
164.6,59.4
168.8,60.2
173.6,66.2
164.0,47.2
170.1,62.6
182.5,64.2
176.4,58.7
178.0,66
180.5,69.7
174.3,64.2
173.0,60.7
166.8,46.8
174.7,73.09999999999999
175.0,72.90000000000001
178.6,64.5
163.5,46.7
174.5,71.59999999999999
184.3,72.59999999999999
170.5,58.7
169.0,63
169.8,73.40000000000001
169.9,93
170.7,56.3
167.2,55.2
161.8,52.9
167.8,53.3
170.5,67.7
180.3,73.40000000000001
166.3,45.7
169.9,50.1
176.2,62.6
167.2,60
172.9,67.59999999999999
169.7,59.7
165.7,86.90000000000001
175.7,65.3
178.1,66.8
167.2,55.2
174.6,46.4
177.0,103.1
169.1,53.9
169.0,86.5
177.8,70
170.4,115.7
173.8,88
169.6,72.90000000000001
161.1,49
165.8,59.8
174.0,78.40000000000001
173.5,60.4
167.4,53
169.5,65.5
176.8,88.2
170.8,62.6
170.3,61.5
176.9,66.2
160.7,60.9
166.1,70.5
170.1,69.7
177.6,68.3
175.6,55.4
171.8,80.7
161.0,45.6
173.7,58.2
171.6,82
171.7,56.6
180.5,62.5
179.0,85.90000000000001
168.2,66.7
165.8,47.3
173.6,52.4
174.5,64
175.8,90.09999999999999
165.4,48.5
174.5,65.59999999999999
171.8,56.5
157.3,47.2
173.3,47
188.4,73
174.9,65.90000000000001
168.5,68.40000000000001
166.1,56.8
167.6,60
180.0,54.9
183.2,115.7
167.1,63.1
166.8,62.8
167.8,54.3
179.5,55.6
172.7,64.8
170.1,54.2
164.8,48.4
168.3,56.5
173.5,61.4
173.6,61.7
172.4,59
175.7,54.4
161.0,70.59999999999999
164.7,78.2
179.4,89.09999999999999
170.4,57.2
167.7,61.1
165.6,49
175.8,65.8
161.7,38.8
181.4,66.09999999999999
178.5,68.40000000000001
171.0,63.7
177.5,73.7
166.6,77.8
163.5,49.3
157.2,56.5
171.7,52.3
164.7,62.9
172.1,59.3
169.3,74.3
172.3,56.7
173.4,68.8
171.0,63.8
166.4,52.8
163.9,57.5
170.3,58.9
172.6,79.2
170.0,58.1
178.6,66
174.1,67.09999999999999
168.0,75.40000000000001
176.5,60.1
166.0,80
170.7,80.8
168.0,67.5
168.3,78.59999999999999
177.0,86.90000000000001
166.8,71.59999999999999
164.5,62
154.0,52.4
175.0,84.8
155.6,48.7
162.5,62
158.7,50.5
161.2,67.2
162.3,65.8
165.5,73.90000000000001
167.5,57.4
169.7,90.8
172.4,83.90000000000001
157.3,71.5
160.3,62.5
165.2,75.3
169.4,62
167.6,71.8
174.2,88.7
168.5,67.59999999999999
165.9,76
183.4,79.09999999999999
155.4,59.8
172.0,79.5
166.7,70.7
163.5,57.9
176.6,64.3
177.6,71.7
180.0,81.3
165.0,53.1
157.0,53
151.7,53.7
166.2,74.09999999999999
180.5,75.7
168.3,73.09999999999999
179.4,71.59999999999999
158.7,57.3
179.0,80
167.2,73.3
157.5,62.3
166.9,77.7
179.7,67.59999999999999
162.1,71.2
161.2,62.6
168.2,73.8
171.8,56.2
176.5,89.59999999999999
170.3,71
172.2,88.90000000000001
171.0,70
163.5,73.40000000000001
171.8,89.2
174.8,64.3
166.1,77.8
164.7,66.7
168.2,61.8
173.3,75.09999999999999
172.7,70.2
165.3,75.2
163.3,70.3
165.9,54.2
171.6,90.09999999999999
169.6,62.9
169.7,62.4
176.0,74.5
178.5,81.59999999999999
173.1,75.09999999999999
166.1,74.8
170.0,76.40000000000001
177.7,78.5
165.0,66.40000000000001
167.7,74.5
167.5,83.5
168.4,61.9
163.8,72.7
164.0,85.90000000000001
163.8,64.90000000000001
164.0,65.09999999999999
170.5,66.8
155.7,65.90000000000001
167.0,73.59999999999999
176.5,75.8
182.8,106.2
166.4,60.5
160.4,68.5
169.7,74.09999999999999
163.7,67.7
169.7,69.5
165.8,59.1
170.0,67.3
171.8,68.40000000000001
172.2,60.6
159.2,60.8
164.3,63.1
160.0,53.5
168.0,73.59999999999999
170.0,68.59999999999999
173.8,79.09999999999999
169.2,68.59999999999999
157.0,57.2
153.6,55.8
168.0,65.09999999999999
169.0,74.8
153.6,42.9
172.5,82.90000000000001
161.3,66.59999999999999
166.7,71.8
159.9,68
157.5,47.8
164.4,67.5
167.5,76
173.0,78.8
164.3,60.7
161.3,65.3
164.5,72.59999999999999
172.3,75
170.2,61.3
173.2,69.59999999999999
169.8,58.2
159.6,65.09999999999999
151.5,69.09999999999999
170.0,77.8
162.2,69.2
165.0,74
165.6,65.7
155.5,55.9
159.2,65.2
174.6,68.2
158.1,67.09999999999999
170.7,64.2
172.0,79.7
157.0,57.6
170.1,64.7
161.5,49.4
158.2,62.6
167.8,49.1
161.8,67.5
161.6,76.09999999999999
169.8,73.40000000000001
162.8,72.8
161.0,63.3
168.0,79.5
161.0,58.7
152.1,54.9
156.0,72.40000000000001
170.2,71.2
167.2,76.59999999999999
173.6,75
167.1,69.8
174.4,89.90000000000001
160.8,72.5
168.1,62.7
160.0,62.6
160.5,66.09999999999999
158.6,68.90000000000001
172.4,70.90000000000001
160.7,66.59999999999999
162.5,68.90000000000001
159.1,65.5
166.7,62.3
160.3,78.8
158.1,54.6
161.3,55.2
165.1,64.90000000000001
153.8,58.6
162.7,64.2
166.2,77.7
174.0,61.4
175.2,96.7
166.5,53.8
176.3,69.8
168.6,70.59999999999999
168.3,67.59999999999999
167.0,59.2
161.5,66.2
173.4,77.7
173.4,70.2
155.0,58.7
176.0,63.6
176.8,77.90000000000001
179.5,78
167.1,59.3
167.6,79
181.0,80.90000000000001
175.0,95.2
157.3,57.5
168.0,65.59999999999999
161.8,74.59999999999999
166.1,66.3
159.0,76.90000000000001
172.3,57.2
169.0,78.40000000000001
163.2,61.5
169.8,53.4
163.5,79.59999999999999
168.0,95.90000000000001
169.6,69.40000000000001
161.5,71.90000000000001
169.2,69.5
168.6,83.5
168.1,73.90000000000001
159.0,62.5
165.3,70.5
177.3,78.90000000000001
164.4,59.2
163.5,64.5
179.5,68.90000000000001
168.0,57.9
174.4,90.5
164.5,79.5
163.5,62.4
165.4,75.90000000000001
171.8,76.5
163.0,73.90000000000001
177.2,70.40000000000001
163.9,96.3
177.6,72
166.6,66.09999999999999
173.5,74.5
164.2,89.59999999999999
169.4,69.59999999999999
171.3,81.3
170.9,77.90000000000001
164.4,66.5
163.5,92
163.4,63.6
167.0,58.1
165.5,65.8
169.1,61.8
163.5,71.7
164.0,61.7
179.7,77.8
172.7,88.3
174.8,85.2
171.0,75.7
167.6,75.90000000000001
175.0,70.09999999999999
172.6,69
163.2,53.5
171.1,78.09999999999999
165.0,54.6
174.8,69.2
167.2,53.6
178.4,106
176.6,80.5
166.7,76.5
160.7,62.1
166.4,72.90000000000001
174.2,76.40000000000001
168.4,73.09999999999999
168.4,76.2
156.5,58.2
169.2,70.5
169.3,79.2
164.1,62.5
162.3,67.8
176.5,59.7
167.7,59.7
174.7,74.2
168.0,57.5
122.0,22.3
117.3,21.2
123.4,22.2
125.0,23.9
125.0,25
119.4,21.4
124.6,20.3
130.7,33.9
123.2,21.8
121.1,24.8
123.8,20
118.4,20.8
130.3,26.1
119.6,19.5
117.1,20.9
118.5,20.9
142.0,34.9
124.8,27.3
119.5,23.2
128.0,28.9
125.7,24.1
121.1,22.8
140.5,30.7
141.7,39.5
129.1,37.6
128.0,28.5
135.3,36.7
126.7,25.6
130.6,25.5
134.9,33.2
128.2,25.8
126.0,28
143.4,27.7
129.5,25.2
124.6,23.7
128.4,25
131.5,29.2
129.7,28.8
124.2,25.7
130.4,32.8
139.7,27.5
136.1,34.3
151.2,43.2
139.4,44.6
146.1,37.8
143.5,35.3
145.0,40.8
149.1,47.2
149.6,33.3
142.2,33.7
149.7,48
151.9,47.4
143.7,37
148.0,32.2
138.4,32
139.0,33.8
131.0,31.2
134.4,25.4
134.2,38
136.5,32.8
129.2,22.5
132.0,26.6
136.9,31.3
132.6,27.6
127.8,35.4
147.5,45.6
137.8,33.9
136.5,44.5
135.2,30
136.6,35.2
135.6,28.2
136.5,31.2
144.0,43.3
140.4,42.8
143.0,36.2
141.3,38.3
129.2,25.4
130.9,24.1
138.1,37.2
141.6,35.1
138.1,31.8
132.3,29.9
133.2,24.8
131.2,30.1
138.2,45.1
141.2,35.7
142.5,32.4
142.1,38.3
145.0,35.6
141.5,38.9
152.8,51.1
149.9,38.5
135.1,31.3
142.9,28.7
138.0,31.4
151.1,39.8
151.3,34
145.3,37.7
148.2,27.4
148.0,48.8
141.6,45.1
155.7,59.2
144.5,43.7
153.6,43.5
147.0,36.3
165.8,44.8
157.8,51
150.8,43.7
161.6,53.7
152.0,43
151.5,45.4
159.2,50.1
149.5,44.2
143.5,38.4
147.0,38.1
154.2,42.1
135.5,29.3
163.5,51
160.8,64.40000000000001
143.5,42.5
162.6,45.9
147.7,31.7
157.5,39.3
158.7,45.6
154.6,55.5
143.4,47.2
149.5,34.2
147.5,49.1
148.7,35.3
155.6,41.7
154.6,46.6
159.5,76
163.7,77.8
183.1,84.5
174.5,72.5
173.5,62.9
174.9,69.90000000000001
172.3,82.59999999999999
175.5,68.7
176.5,71.2
174.9,75.7
168.3,74.59999999999999
180.8,96.40000000000001
182.3,79.3
159.9,68.7
180.3,76.59999999999999
158.3,63.2
166.5,74.8
179.4,75.5
173.7,79
163.8,62.9
173.6,77.7
170.9,64.09999999999999
166.2,65.8
173.3,80
173.8,57.4
174.0,70.8
164.2,73.2
176.0,67
181.5,66.3
165.1,57.8
176.6,79.40000000000001
154.9,58.2
171.4,68.40000000000001
159.0,72
174.3,69.7
178.2,84.5
175.8,65.40000000000001
181.1,76.59999999999999
168.2,79.2
168.1,65.2
168.7,71.40000000000001
170.0,63.1
178.2,71.09999999999999
174.0,60.8
180.5,61.4
175.6,65
176.1,72.7
177.8,59.5
182.0,86.2
165.5,59.8
176.5,78.59999999999999
170.2,72.8
174.2,98.8
177.2,72.8
179.5,64.09999999999999
179.5,61.7
181.3,62.3
166.8,77.8
155.8,64.59999999999999
176.2,69.2
174.4,65
174.6,76.2
176.0,85.7
163.6,56.2
171.5,60.8
164.0,49.5
182.3,70.59999999999999
159.0,64.5
170.5,74.09999999999999
162.4,71.40000000000001
172.6,74.7
175.6,63
170.9,65.8
178.3,61.3
175.2,64.2
174.5,67.8
170.7,62.6
184.7,81.8
171.0,64.5
171.1,54.7
166.4,64.7
183.0,67.90000000000001
166.9,64.09999999999999
171.8,53.6
182.5,76.3
170.0,56.8
172.0,58.1
176.0,58.4
161.6,74.7
179.3,84.40000000000001
180.5,104.3
185.0,66.2
165.6,62.5
166.5,66.59999999999999
135.8,37
170.7,74.7
176.6,98.5
166.8,88.2
159.5,62.2
165.3,73
157.8,61.3
159.8,62
167.5,61.9
167.0,77.5
161.8,74.59999999999999
166.7,66.2
167.3,70.7
162.0,54.8
166.0,79.2
170.4,71.40000000000001
163.2,71.90000000000001
158.6,63.4
175.3,69.59999999999999
176.7,70.09999999999999
165.8,67.5
166.9,74
171.5,68.7
159.7,66.8
135.0,30
178.0,66.5
158.6,62.9
168.9,72.3
168.5,67.8
146.5,48.4
133.5,33.8
123.1,25.5
156.3,54
137.8,30.2
164.7,66
165.6,58.7
153.7,58.4
141.8,26.8
148.1,38.8
168.7,75.7
165.8,61.4
160.0,74
180.3,78.5
168.2,59.1
170.7,62.3
157.2,72.8
178.5,94.90000000000001
169.3,82
168.4,71.5
159.3,70.3
166.3,73.09999999999999
163.3,57.3
165.6,66.3
171.7,75.3
161.0,69
165.3,61.9
161.0,68.8
166.6,74.8
167.6,73.3
181.3,69.3
168.2,64
163.0,64
163.5,54.8
173.9,70.7
165.8,56.9
161.7,65.2
165.7,55.2
162.0,45.4
165.7,65.09999999999999
173.2,72.59999999999999
179.1,86.8
174.8,75
173.1,68.8
173.8,73
176.7,77.59999999999999
147.1,34.9
169.5,64.59999999999999
161.6,71.3
169.0,71.40000000000001
170.8,87.09999999999999
169.3,65.59999999999999
171.2,66.40000000000001
170.3,77.7
172.6,92.09999999999999
167.7,70.7
172.3,74.2
177.4,72.2
180.6,75.09999999999999
172.1,76.90000000000001
178.9,92.09999999999999
178.0,68.40000000000001
166.7,72.09999999999999
181.5,93.3
174.4,73.59999999999999
160.7,66.8
176.4,74
165.5,57.8
170.1,58.9
171.5,66.40000000000001
174.0,70.7
174.6,84.3
167.3,60.2
173.7,70.90000000000001
178.3,73.8
168.7,61.1
167.0,64.3
176.4,70.40000000000001
176.4,71.5
169.2,63.2
179.4,75.3
167.6,70.3
183.7,102.6
165.5,53.5
167.2,58.4
178.2,115
178.7,76.2
166.8,65.09999999999999
169.5,63.8
163.4,66.8
177.9,68.3
170.8,68.7
164.5,51.3
176.7,68.7
177.6,63.5
169.4,56.8
178.7,66
164.2,52.5
160.2,72.8
166.7,56.7
183.3,60.5
171.6,92.3
174.6,67
178.0,74.7
177.5,58.6
184.6,91
172.5,59.1
175.2,61.6
172.5,72
176.7,65.90000000000001
175.2,78.09999999999999
167.8,83
166.2,56.3
178.9,89.09999999999999
172.2,67.2
176.9,65
167.0,68.09999999999999
166.8,60.4
182.4,58.5
173.8,74.3
179.5,83.5
170.9,59.3
169.5,58.8
169.8,78.8
172.8,72.40000000000001
176.4,62.2
171.0,80.90000000000001
179.5,61.9
182.8,70.59999999999999
171.4,72
162.5,63.6
173.2,74.90000000000001
171.2,72.2
175.2,74.3
169.9,58.9
175.1,59.6
178.4,76.5
172.3,67.7
180.0,84.59999999999999
168.0,52.4
172.0,78.8
171.8,106.9
174.1,67.59999999999999
167.0,56.5
166.6,65.59999999999999
178.9,84
175.0,72.59999999999999
170.1,65.8
177.8,59.3
177.4,98.2
170.2,77.3
171.6,60.7
174.5,73.2
172.1,62.2
167.1,63.6
170.4,65.3
179.8,79.2
175.3,80.8
166.8,76.8
173.5,60.1
180.0,70.40000000000001
176.4,73.59999999999999
179.1,63.4
164.9,52.7
171.3,64.5
168.2,60.1
174.6,62.4
176.5,71.7
177.2,82
177.5,57.3
167.5,58.5
174.4,71.5
169.6,63.8
166.2,66.40000000000001
176.5,88.09999999999999
161.7,67.3
176.5,65.40000000000001
176.1,86.3
178.1,91.2
179.2,82.7
173.9,55.7
174.6,72.40000000000001
169.8,69.59999999999999
183.1,72.7
173.0,70.09999999999999
168.0,59.6
184.5,79.40000000000001
171.0,57.2
171.5,73.8
181.5,98.3
167.2,71.90000000000001
167.3,68
170.4,70.5
175.6,66.40000000000001
179.6,56.6
177.2,68.2
175.2,69.40000000000001
170.1,58.1
178.2,63.6
174.0,73
180.2,86.8
166.0,57.5
163.8,61.2
170.8,63.7
177.0,87.5
176.6,73.5
173.4,56.3
171.5,73.5
180.4,61.7
165.2,59.4
177.9,64.8
162.2,49.1
170.1,52.4
181.3,65
180.4,65
164.1,49.4
179.5,69.59999999999999
163.6,52.9
178.5,71.90000000000001
172.4,62.1
176.2,72.40000000000001
157.3,51.9
165.7,75.8
158.1,48.5
168.0,62.1
168.8,54
159.0,50.8
179.8,64.8
169.1,72.3
165.7,61.8
165.6,76
172.0,57.2
171.5,89.09999999999999
159.2,75.40000000000001
162.5,72.40000000000001
166.5,54.2
175.3,71.8
168.5,50
172.8,61.3
162.5,57.4
163.8,50.8
171.0,58.3
167.8,61.8
154.5,42.7
157.7,40.8
165.6,51.6
169.0,59.6
160.5,53.3
150.7,42.7
166.4,57.9
163.9,64.3
157.0,45.1
162.9,51
162.5,55.7
172.2,67.59999999999999
171.7,55.6
171.6,62.7
152.9,41.3
167.6,52.4
161.4,57
171.1,57.2
172.3,72
177.2,63.9
164.7,52.7
167.5,60.3
175.8,81.8
162.8,51.6
148.9,56.9
168.5,61.9
163.8,53.2
174.1,84.09999999999999
172.8,65.3
160.2,57.6
166.6,49.9
174.8,69.09999999999999
168.3,55
169.8,61.7
164.3,42.9
165.0,51.5
170.0,68.3
163.6,53.6
157.0,45.6
177.5,68.59999999999999
158.1,46.9
167.5,68.3
162.0,62.1
158.7,45.9
172.2,72.8
162.2,43.9
165.7,74.8
162.1,45.8
161.3,60
165.4,47.9
166.5,66.40000000000001
155.1,41.3
158.4,45.4
161.9,42.4
154.5,52.7
156.9,57.1
151.3,57.7
163.9,53.4
166.0,69.5
149.4,57.2
163.2,67.40000000000001
151.5,40.8
163.5,49.5
154.4,62.8
159.6,44.7
157.9,37.4
166.8,50.1
156.0,44.2
153.5,46
158.0,55.9
150.5,55.3
134.9,33.7
157.9,48.8
167.5,53.7
154.0,44
167.1,43.7
165.2,62.1
155.3,44.1
152.4,52.1
163.1,48
156.0,47.2
144.4,33.6
161.0,67.59999999999999
139.6,32.1
157.5,45.1
159.4,54.4
147.1,32.7
160.0,45.9
154.5,54.1
152.5,46.6
148.8,32.6
161.5,46.3
157.0,51.2
159.2,46.4
164.8,76.8
159.5,46.3
152.7,45.5
160.5,57.3
155.0,38.6
157.7,48.2
157.5,49.9
158.6,49.3
148.2,35.6
143.1,35
151.6,44.9
141.4,37.5
160.6,71
140.9,43.1
156.6,40.2
164.0,53.5
150.5,64.5
141.8,41.6
147.4,36.6
145.3,51.7
146.0,37.2
143.7,30.8
152.5,46
147.4,35.5
139.8,37.4
142.1,39.5
149.0,35.1
140.4,30.8
160.0,42.2
132.0,26.9
146.1,38.1
152.6,53.7
133.4,27.8
154.9,47.4
145.5,49.4
154.4,50.8
153.1,42.1
153.3,61.1
156.4,75.90000000000001
147.3,35.7
168.1,60
131.4,25.9
162.1,49.9
140.5,39.1
148.9,47
151.7,40.9
144.5,41.4
159.5,51
158.6,44.1
151.9,54.2
144.2,47.8
160.0,65.3
144.2,33
146.8,37.2
137.3,30.1
141.9,33.4
146.0,38.9
145.9,35.4
156.2,62.6
135.8,27.7
143.5,30.3
140.9,31
142.4,37.6
152.0,51
142.3,40.7
144.9,39.6
149.0,49.6
138.0,33.8
149.7,35.5
142.9,39.1
140.5,33.2
142.8,52.3
140.6,35.5
126.3,30
140.0,33.7
128.3,35.9
124.8,29.6
152.5,73.09999999999999
141.0,36.1
134.6,38.1
158.7,62.5
140.3,39.5
148.4,42.1
121.5,23.1
134.7,37.1
131.4,34.3
125.4,23.4
132.7,26.9
136.0,32
148.4,44.2
140.9,32.1
142.0,44.8
145.0,31
130.6,24.7
138.0,34.7
131.8,44.6
127.5,21.8
140.0,39.2
137.7,34.9
129.0,28.6
133.1,27.5
137.6,30.4
140.9,43.7
132.0,28.4
141.5,30.2
139.9,37.8
136.8,36
135.2,39.5
141.5,36.8
141.2,39.6
134.8,31.8
122.8,24.1
126.5,25.4
131.1,37.9
136.4,36
134.9,33
145.1,35.3
130.9,28.1
139.6,31.7
143.1,44.9
136.1,26.4
142.2,43
135.4,36.3
136.8,31.7
142.7,35.6
130.0,26.9
131.3,32.5
137.9,29.5
143.0,46.7
141.1,44.2
141.6,42.8
134.3,37.8
139.0,29.6
129.2,22.9
142.8,31.5
134.9,29.7
149.5,59.3
140.0,41.2
138.6,36.9
137.8,41.9
138.3,29.5
144.0,42.4
148.0,47.9
144.0,33.9
131.5,27.7
147.7,38.1
144.7,43.7
151.4,53.9
164.6,76.09999999999999
163.6,68.2
169.3,75.2
164.2,71.7
166.0,66.5
120.3,28.9
123.5,31.7
120.1,24.5
120.8,22
121.4,27.3
120.3,27.3
126.0,23.6
122.6,27.5
126.4,31.8
118.5,22.8
120.8,21.9
121.1,24.2
120.0,26.1
119.3,24.7
121.7,27
115.9,20.6
117.0,25.2
119.7,22.4
123.8,28.4
122.3,18.9
119.6,23.2
120.3,20.1
123.8,23.1
117.7,22.9
121.0,24.4
122.5,23.8
118.2,23.7
125.5,27.8
124.4,22.4
120.5,21.1
124.0,30.5
125.1,28
128.4,27.2
125.9,23.2
123.3,22.2
132.0,27.4
125.1,26.7
122.5,29.3
127.8,25.8
112.0,19.3
129.8,29.4
163.8,75.2
138.9,36.8
149.6,44.9
137.5,28.7
164.5,67.8
155.1,44.6
155.8,66.8
165.5,56.6
174.8,57.1
175.1,66.90000000000001
176.7,89.59999999999999
178.7,64.3
178.2,89.5
166.6,65.3
173.5,72.2
181.4,90.40000000000001
180.2,111.3
179.3,73.8
170.2,80.8
164.8,59
172.8,65.7
171.1,79.59999999999999
173.3,72.7
165.2,61.6
170.7,55.4
178.7,68.2
177.3,68.09999999999999
178.8,72.7
165.4,74.90000000000001
175.5,63.3
172.2,60.4
169.6,54.5
172.0,66.2
168.6,63.7
170.9,56.1
177.0,51.5
178.8,61.6
167.2,60.9
182.0,69.90000000000001
175.3,76.2
178.0,71
166.5,64.09999999999999
168.9,53
176.4,57.6
173.4,72.7
176.2,64.7
172.0,63.3
183.9,85.09999999999999
178.7,64.40000000000001
164.0,62.7
176.0,95.59999999999999
167.5,63.9
182.8,58.8
168.9,52.2
175.4,58.7
162.8,61.7
173.0,69.3
169.5,68.7
166.9,60.3
169.5,60.4
164.0,59.5
168.7,57
167.9,59.6
167.7,57.1
171.4,61.1
171.3,68.40000000000001
174.1,58
177.0,63.3
179.5,70.7
169.3,52.5
172.0,59
170.5,73.09999999999999
174.7,59.3
183.3,74.40000000000001
174.6,81.59999999999999
171.6,53.2
164.6,57.7
175.5,61.8
167.4,64.7
167.7,51.9
169.9,66.5
166.2,60.3
172.0,76.7
174.0,88.5
169.2,87.7
166.2,72.8
162.5,61.5
167.3,80.90000000000001
171.1,76.09999999999999
177.5,91.7
172.2,100
167.1,105.1
158.0,48.7
171.0,71.7
176.5,65.40000000000001
177.4,59.3
170.2,52.4
166.3,64.5
161.9,47.1
178.3,64.90000000000001
180.0,53.5
172.6,68.90000000000001
172.1,70.2
176.8,52.2
161.1,65
166.0,62.9
175.3,76.8
169.1,53.7
164.5,50.2
174.3,67.90000000000001
170.8,48.9
167.7,82.90000000000001
179.3,66.2
177.4,61.8
167.0,50.6
165.2,55.1
188.2,88.8
173.7,50.9
170.9,82.5
161.6,49
176.8,72.2
172.8,62.8
170.7,70.5
161.6,62.8
171.5,69.2
156.8,62
122.0,27.5
118.8,24.8
126.4,28.9
126.4,24.2
124.1,23.4
131.1,31.4
134.8,26.4
136.4,42.8
129.9,29.6
128.5,24.1
125.8,27.4
124.7,35.8
116.4,20.3
130.7,28.2
121.4,23.6
133.0,37.7
134.7,33.5
131.2,25.9
131.4,29.3
132.3,28.1
141.5,36.8
156.5,51.3
133.4,29.1
134.4,27.5
144.7,43
133.8,27.9
133.0,37.6
137.9,45.4
143.5,43.5
137.0,41.7
147.3,42.7
142.9,42.4
135.2,26.7
137.0,26.9
140.3,32.1
146.7,51.2
132.3,34.4
140.2,36.3
151.5,46.6
144.1,43.1
152.3,39.4
142.4,29.9
137.2,33.5
134.8,42.8
148.0,40.7
158.5,73.09999999999999
137.3,36.3
148.2,49.8
144.1,43.4
137.7,32.5
147.7,41
142.8,35.3
140.2,45.1
134.2,28.3
152.6,65.90000000000001
146.5,53.6
151.1,63.3
145.2,43.5
146.4,55.8
142.1,33
139.8,37.1
139.4,32.6
145.9,56
145.5,44.2
150.7,52.9
146.1,40.2
144.6,40.9
134.2,32
134.2,37.4
124.7,26.7
123.5,24.1
131.8,32.3
139.1,44.5
131.8,26.8
137.7,46
120.1,20.3
128.1,25.8
135.7,29.4
134.2,30.5
127.2,28.1
135.8,43.9
137.7,31.7
139.3,27.9
153.6,43.9
130.0,33.2
127.2,27
163.8,71.2
163.0,81.59999999999999
164.5,67.7
173.4,62.6
161.9,69.40000000000001
169.9,71.90000000000001
166.8,68.8
170.5,79.09999999999999
173.2,86.8
171.3,86.40000000000001
176.1,68.2
162.7,64.09999999999999
177.2,94.2
163.5,63.7
158.4,67.59999999999999
169.8,84.3
166.3,60.6
159.0,63.4
167.0,73.5
169.2,65.09999999999999
165.1,72.5
181.0,82.09999999999999
176.0,79.90000000000001
177.4,81.8
155.8,66.3
173.2,82.3
166.6,77.09999999999999
178.2,65.5
171.0,62
159.0,70.59999999999999
170.1,59.3
183.0,86
162.3,60.7
168.4,75.09999999999999
155.6,59.8
172.8,65.09999999999999
164.8,62
148.0,53.1
163.7,70.7
159.7,65.09999999999999
168.9,67.3
170.3,74.90000000000001
171.0,85.40000000000001
158.0,63.7
168.0,62.4
168.0,77.7
166.4,61.8
180.2,62.3
179.8,60.3
171.0,73.09999999999999
170.4,77
169.1,83.2
160.7,70.7
153.6,53.2
179.6,82.3
174.4,73.5
173.5,64.5
172.2,81.09999999999999
169.1,74.09999999999999
169.0,64.8
177.5,70.40000000000001
173.5,151.1
174.6,90.09999999999999
154.3,63.8
156.9,57.8
166.9,87.59999999999999
175.8,79.8
173.5,76.09999999999999
163.8,66.5
179.2,95.8
167.4,81.3
169.8,80.40000000000001
157.4,59.3
164.2,74
169.7,72.59999999999999
176.1,70.59999999999999
178.6,80.3
179.5,68
164.5,60.6
168.0,67.7
176.0,80.09999999999999
165.8,72.5
175.2,62.4
179.5,107.7
176.7,75
164.6,54.7
173.2,59.6
161.1,62.2
170.2,67.7
164.1,66.2
172.0,75.3
164.6,72.7
176.2,84.8
168.7,68.8
169.9,71.40000000000001
167.5,73.09999999999999
166.4,65.90000000000001
171.1,66.5
183.1,90
174.9,65.09999999999999
172.0,71
182.9,109.5
156.9,64.5
163.3,68.09999999999999
168.7,70.59999999999999
159.2,74
172.7,80.7
164.0,61.3
164.8,76.5
158.5,52
169.0,72.7
168.6,75.7
166.5,70.2
167.6,74
165.3,80.8
178.2,83
176.8,64.59999999999999
177.0,70
159.3,61
165.6,65.2
173.3,89.2
159.7,62.1
170.7,77
175.9,75.2
164.7,71.7
173.8,71.2
166.6,65.09999999999999
178.9,75.3
182.7,84.09999999999999
167.6,71.90000000000001
177.2,86.7
177.0,84.5
128.8,32.2
120.1,31.7
122.9,22.5
122.8,25.6
126.4,25.3
123.7,21.4
113.6,18
119.7,19.5
123.8,26.5
119.9,21.6
121.9,22.8
119.4,20.6
123.6,24.4
116.5,18.9
129.5,25.2
114.7,23.1
121.9,25.3
118.3,22.9
122.2,21.1
120.0,21.5
122.3,28.1
140.0,39.8
135.7,40.4
133.5,36.2
129.3,30.1
120.9,26.8
126.2,26.4
132.4,33.5
128.5,32.4
125.0,24.6
120.2,22.4
124.9,23.8
135.3,29.1
139.0,29.1
129.6,32
124.1,22.2
141.1,32.2
136.8,43.5
141.8,33.4
128.3,26.2
132.4,27.2
131.5,29.7
132.2,29.7
132.9,26.5
127.8,29.1
133.3,30.4
147.5,56.1
147.6,44.2
146.0,49
144.0,38
141.4,36.1
139.1,35
132.9,41.9
158.3,46.2
135.2,29.9
143.2,34.2
152.5,58.8
153.2,52.2
146.9,49.9
159.5,44.9
152.8,42.9
147.6,34.2
153.2,59.2
142.6,31.8
148.5,62.5
146.7,44.4
145.5,40.6
158.5,49.8
161.7,63.2
148.8,51.6
161.7,52.8
164.7,51.9
181.6,85.3
151.3,45.4
147.4,46.4
125.7,41.8
122.1,26.1
151.4,42.2
126.9,25
130.1,30.9
118.0,19.2
121.5,21.1
129.6,27.9
122.2,34.5
132.7,27.6
139.8,49.5
125.5,30.9
139.3,36.4
142.5,31.9
146.5,51.5
147.0,63
136.6,49.6
142.0,36.1
139.4,40.4
142.0,53.2
139.3,44.2
146.1,35.9
144.8,47.2
141.7,35
131.5,36.7
147.8,45.9
148.4,37.4
146.0,38.4
144.3,45.1
125.5,24.9
132.0,30.4
125.5,30
124.4,26.3
146.6,39.6
142.4,35.2
148.9,50
145.6,36.1
144.7,35
130.9,24.9
128.1,28.5
132.8,27.9
129.2,26.3
136.2,42.8
142.0,53.6
133.1,42.3
140.7,40.7
133.3,25.1
141.6,30.8
133.5,32.3
133.6,30.9
131.4,27.3
122.4,21.5
149.8,58.8
162.5,58.7
152.0,35.8
158.0,48.6
156.7,66.5
162.5,46.1
143.0,53.5
156.3,55
164.7,63.9
149.8,48.8
143.9,32.9
152.5,44.2
151.6,38.2
150.2,37.1
154.8,39.7
140.0,37.4
148.8,31.8
154.6,35.8
148.7,31.9
127.6,28.3
124.4,23.5
118.4,20.7
117.8,20.3
121.5,21.9
114.1,19.6
122.5,22.2
121.7,25.1
129.9,28.5
124.6,23.7
124.6,24.5
129.3,26.5
126.2,31.8
119.2,21.2
139.5,33.3
127.2,23
156.2,44.8
155.8,50
156.4,61.3
149.0,59
153.2,47.3
151.3,50.7
142.3,33.6
148.7,38.7
146.3,43.5
144.9,39
145.7,44.1
151.0,39.6
148.7,33.7
152.8,78
146.3,52.3
146.8,39.9
135.5,31
143.9,57.7
147.3,35.8
149.6,48.1
137.1,30.1
152.2,50.4
152.2,50.8
144.5,52.9
142.3,33
145.5,43.6
143.9,40.4
133.0,25.8
139.6,38.7
138.0,43
137.8,33.9
139.8,33.6
139.0,30.2
136.5,41.3
133.5,32.2
141.6,37.1
140.4,37.2
140.1,37.7
176.0,74.5
165.7,51.9
147.6,31
154.2,43.3
150.0,35.2
178.3,56.5
171.0,66.7
162.4,51.4
163.8,78.7
157.5,44.5
169.1,63
172.6,86.3
162.6,48.5
164.2,66.2
176.2,93.7
172.2,59.4
155.4,55.1
162.1,74.2
161.0,53.8
161.7,66.40000000000001
150.5,50.7
151.9,43.8
150.2,62.7
160.3,46.5
169.6,67.7
162.6,46.8
181.7,62.7
152.9,46.1
147.3,42.4
149.5,56.6
151.5,47
171.8,50.9
167.9,63.1
148.0,44.7
149.4,51.4
164.0,54.7
157.4,44.9
159.9,51.4
156.0,57.6
152.6,42.1
152.4,44.5
151.1,39.6
162.7,50.9
158.3,42
149.0,43.5
167.0,60.3
158.4,55.1
170.3,48.6
148.2,43.5
164.2,48.8
168.9,85.7
146.3,44.7
152.1,45.4
153.3,42.5
157.2,39
154.8,49.6
168.0,60.5
148.0,44.1
161.4,61.1
160.4,53.1
161.0,52.7
158.6,46.4
177.0,70.2
174.5,57.1
159.1,46.3
171.7,74
166.7,67
161.4,57.4
161.4,48.4
172.7,83.90000000000001
171.4,74
166.4,57.8
157.2,48.8
165.5,45
162.7,54
157.0,41.8
160.1,65.2
166.6,85.59999999999999
170.5,87.7
176.1,62.2
165.8,47.3
158.6,43.1
175.8,72.09999999999999
179.4,60.5
164.8,47.5
155.4,45.2
163.3,57.9
181.1,77.3
157.2,43.6
158.6,59.8
157.2,46.2
159.8,43.3
150.8,43.8
152.1,48.4
158.5,45.6
163.2,78.2
170.8,54.1
175.6,60.8
176.4,50.7
168.6,49.6
177.7,70.09999999999999
161.4,52.1
165.8,51.6
168.9,53.1
173.3,67.40000000000001
162.6,59.2
179.3,67.40000000000001
177.2,59
171.6,52.7
172.2,54
173.0,64.59999999999999
177.1,80.3
172.5,59.1
171.8,74.90000000000001
174.9,57
166.9,46
175.7,75.7
174.4,59.8
169.8,70.3
166.3,50.5
173.7,66.09999999999999
158.4,67.3
164.1,64.5
170.9,68.09999999999999
169.1,52
163.1,47.4
166.0,71.2
170.5,80.59999999999999
161.8,48.8
170.5,62.3
173.5,71
162.8,73.40000000000001
179.3,71.90000000000001
186.3,100.5
169.1,64
158.5,59.9
170.6,72.40000000000001
168.2,69.3
171.6,53.8
168.2,70.59999999999999
169.1,67.40000000000001
156.5,52.9
158.0,67.40000000000001
162.5,66.2
158.3,74.5
160.9,73.5
162.6,61.4
166.4,58.4
174.3,83.90000000000001
166.5,71.8
162.4,73.09999999999999
174.8,68.40000000000001
164.2,71.8
173.8,70.5
166.5,71.5
163.1,70
160.1,52.4
166.3,83.09999999999999
169.7,71
167.1,86.2
173.2,56.3
169.1,69.09999999999999
171.1,73.7
163.7,68.8
166.2,62.4
165.5,62.3
171.5,59.3
166.0,72
171.0,58.2
160.8,63
150.3,60.5
169.3,81.90000000000001
165.4,66.09999999999999
162.7,65.40000000000001
168.3,81.8
167.0,69.90000000000001
165.8,81.09999999999999
161.4,65.5
159.7,70.90000000000001
167.0,70.09999999999999
175.7,78.09999999999999
160.4,67.09999999999999
171.6,70.40000000000001
171.8,69
172.6,72
162.5,62.1
174.6,84.3
167.7,63.3
175.1,75.40000000000001
173.8,84.90000000000001
155.2,60.9
178.8,60.9
171.0,67.59999999999999
169.6,64.90000000000001
169.1,61.1
181.0,73
173.7,66
175.4,70.5
176.6,79
168.9,62.3
163.1,69.2
167.3,100.9
177.8,81.7
174.1,97
172.7,74.09999999999999
169.8,64.3
160.2,67.09999999999999
161.6,42
168.3,64.3
174.0,54.9
151.6,37
171.3,68.40000000000001
171.3,63
169.1,62.3
149.5,40.7
157.6,43.5
162.3,55.3
169.0,64.2
173.4,60.7
153.0,49.3
158.1,72.90000000000001
156.4,52.7
168.0,55.8
159.6,52.1
170.2,52.6
170.5,57
161.9,50.5
156.9,64.8
167.4,56
174.6,81.7
165.4,48.4
164.6,74.40000000000001
176.2,68.8
170.6,77.40000000000001
164.8,52.9
163.0,49.7
169.7,63.4
172.9,51.3
174.0,54.3
168.5,60.7
169.9,51.7
164.7,56.5
169.1,60.1
163.3,71.5
162.6,49
164.0,57.9
147.7,35.8
162.2,46
166.8,90.7
134.6,28.1
142.7,39.1
150.6,39.1
161.7,52.8
156.6,46.7
146.3,55.6
162.4,54.6
148.5,34.1
160.8,69.59999999999999
154.5,54.8
155.8,48.2
159.0,48.3
162.5,63.8
144.7,41.7
164.4,68
165.5,49.3
171.3,57.4
154.0,57.7
163.8,49.4
135.7,28.2
158.0,51.2
151.3,49.6
167.4,60.8
154.7,38.8
146.6,36.3
156.4,54
158.6,61.9
155.5,40.3
161.2,81
173.7,64.3
167.6,58.3
161.4,48.1
170.7,51.6
168.3,50.2
165.9,70.90000000000001
163.6,65.5
167.6,68
154.0,38.9
161.7,46.4
164.6,60.5
161.3,47.6
176.7,64.7
168.7,58.9
156.8,55.9
168.9,51.8
170.7,61.7
168.4,50.7
175.1,70.09999999999999
154.4,43.2
171.0,48.8
176.7,90.2
171.8,61.5
175.4,53
170.4,55.5
164.3,46.4
176.4,74.40000000000001
170.5,54.6
163.8,59.2
174.7,75.40000000000001
163.0,54.7
174.7,64.7
179.1,67.3
171.1,65
175.2,66
173.1,46.2
169.1,58.4
161.7,55.9
168.6,50.9
164.8,63.4
169.8,49.4
174.4,62.1
178.0,74.5
176.8,88.40000000000001
166.5,71.2
170.7,81.8
169.8,64.5
166.8,58.2
178.9,51.1
171.5,69.59999999999999
169.6,68.09999999999999
175.4,62.7
165.2,58.8
175.7,63.1
168.6,55.1
173.6,62.1
164.5,54.7
172.1,59.8
171.6,60.2
182.1,63.4
161.8,54.6
166.2,59.2
170.8,82
173.9,65.59999999999999
174.3,60.7
172.5,54.1
179.0,59.6
172.8,69.09999999999999
175.1,67
177.3,67.90000000000001
168.1,50.3
169.9,63.7
180.4,60.5
170.1,59
174.0,71.2
175.1,59
168.1,59.3
167.5,68.40000000000001
172.0,61.9
174.2,70.59999999999999
170.7,66.90000000000001
176.0,85.90000000000001
179.0,78.2
166.4,76.3
182.1,67.40000000000001
167.7,80.59999999999999
184.8,67.8
170.0,52.8
181.7,77.7
172.7,62.6
175.2,62.9
178.4,68.3
161.0,69.7
182.0,117.7
173.9,66.59999999999999
175.4,65.59999999999999
184.2,100.1
175.2,65.5
171.2,65.7
173.3,78.3
169.1,71.5
167.5,57.6
183.8,81.2
179.3,70.7
172.4,69.09999999999999
171.4,62.9
177.5,59.5
174.9,72.7
164.8,53.9
167.9,66.40000000000001
168.7,48.7
167.7,53.8
156.4,53.6
164.9,53.1
164.9,48.3
173.5,66
160.1,56.6
168.7,59
168.0,58.2
180.1,81.90000000000001
179.8,56.5
169.0,58.8
176.4,100.4
175.5,50.6
169.4,82.59999999999999
174.2,73.40000000000001
166.8,71.59999999999999
168.8,63.5
169.1,65.90000000000001
172.0,88.3
177.8,68.09999999999999
172.5,68.2
167.7,78.09999999999999
160.6,69.09999999999999
186.7,85.3
178.8,86.40000000000001
179.6,87.7
178.1,75.2
180.2,78.3
177.8,97.40000000000001
181.1,68.3
171.4,79.90000000000001
172.6,71.40000000000001
162.7,65.2
171.2,62.8
166.9,67.7
168.1,63.1
166.2,75.09999999999999
161.1,71.2
161.1,63.1
174.9,70.2
171.8,80.8
168.3,65.09999999999999
172.6,78.3
179.2,71.40000000000001
170.2,56.7
162.5,44.4
170.1,53
161.0,47.4
163.5,54.7
174.3,88.3
170.4,67
168.4,74.90000000000001
178.1,55.8
176.8,55.1
168.7,53
170.2,51.5
172.1,57
176.7,64.3
170.3,83.8
165.4,55.1
160.8,48.5
154.2,71.2
177.0,76.59999999999999
170.5,65.40000000000001
174.7,82.5
169.3,71.8
162.2,65.40000000000001
169.5,76.59999999999999
176.1,62.1
148.0,37.4
152.1,37.3
152.4,48.2
159.7,54.4
162.7,58.1
154.2,56.6
152.3,41.2
147.8,34.1
148.9,44.1
145.7,39.3
140.6,42.1
149.5,47.2
151.4,53.5
162.5,51.6
151.6,47
153.1,58.4
160.1,40.1
158.4,41.7
151.0,33.4
157.4,43.4
141.9,37.5
157.2,53.4
151.0,48
143.4,44
141.3,29.5
154.4,47.7
153.6,39
155.9,41.8
157.1,49.9
161.5,39.9
145.1,49.6
152.6,63
148.3,45.9
144.6,32.6
153.1,61.3
167.9,50.3
155.1,55.9
151.5,54.3
146.6,39.3
145.5,40.7
137.1,28.8
155.1,51
161.3,42.5
159.5,56.5
156.9,53.8
149.4,42
152.2,39.5
148.6,34.6
148.4,49.1
144.8,34.2
151.2,34.8
144.6,53.5
160.3,56.5
159.7,43.9
167.4,49.9
155.5,40.2
138.6,34
146.9,41.9
152.4,36.6
188.4,98.3
172.3,73.2
176.8,82.7
167.3,82.7
164.4,58.8
162.5,57.9
161.8,67.7
176.6,74.40000000000001
173.1,79.8
171.3,84.7
187.0,86.8
178.2,93.5
173.7,63.6
163.5,54.1
161.6,61
157.8,59.7
173.7,61.3
166.2,63
163.4,68.90000000000001
165.8,71.7
179.3,81.7
173.5,76
176.0,86.09999999999999
185.3,86.7
171.3,66
171.8,64.09999999999999
180.1,75.5
179.4,70.90000000000001
167.9,69.90000000000001
166.6,70.8
170.8,73.40000000000001
167.5,72.2
172.3,65.7
169.7,64.90000000000001
178.5,73.09999999999999
174.8,96.8
178.5,76.90000000000001
163.0,52.6
177.2,82.40000000000001
173.9,78.2
167.7,58.8
168.4,72.7
166.6,49.1
174.9,59.5
172.2,69.40000000000001
176.1,71.59999999999999
177.3,70.09999999999999
170.9,70.09999999999999
168.3,62.4
167.8,78.09999999999999
183.1,69.59999999999999
173.1,61.2
163.3,56.2
165.8,80.3
173.3,77
175.7,65.90000000000001
172.7,85.09999999999999
166.0,50.1
166.5,68.7
165.1,80.59999999999999
165.5,61.6
162.5,52
165.7,78.59999999999999
163.1,73.5
163.7,66.5
180.8,103.2
177.4,82.59999999999999
168.1,80.59999999999999
166.9,76.90000000000001
173.8,71.2
168.0,69.59999999999999
179.7,88.7
162.1,54.1
176.3,66.8
171.4,88
170.3,60.9
165.0,66.59999999999999
170.9,80.5
170.0,71.5
171.3,78.7
161.5,58.1
163.8,61.1
173.2,76.90000000000001
171.8,64.2
176.6,70.59999999999999
175.1,87.40000000000001
174.6,76.7
162.6,54.8
174.4,80.8
163.7,70.8
160.0,60
173.4,56.9
179.6,86
167.7,61.7
172.0,79.2
178.6,82.2
164.2,71.59999999999999
157.4,53.6
167.3,61.1
171.5,99.59999999999999
168.6,58.7
164.5,73.09999999999999
166.7,60.8
162.2,82.5
156.7,55.5
159.5,60.4
171.6,71.7
173.4,75.3
164.1,66.40000000000001
172.2,79.7
169.0,57.6
178.1,87.90000000000001
179.4,68.59999999999999
176.6,79
170.6,76.59999999999999
169.9,74.09999999999999
174.8,77.7
168.6,58.8
162.0,64
173.8,80.7
167.7,68.09999999999999
160.6,63.3
163.7,66.5
168.2,60.8
165.9,61.2
168.5,58.8
166.1,79.7
171.2,60.7
178.6,88.40000000000001
172.3,72.8
164.4,70.2
162.7,65.5
158.7,63.4
177.3,65.7
175.7,75.5
160.4,68.40000000000001
173.0,88.7
171.9,71.8
168.7,81.59999999999999
173.6,70
174.0,78.7
169.2,80.09999999999999
166.1,62.1
172.7,74.8
175.9,86.8
177.0,81.7
163.4,65.7
170.4,81.8
173.7,86.40000000000001
170.7,74.2
171.7,66.8
174.7,85.5
179.5,75.59999999999999
170.8,70.90000000000001
175.2,73.8
180.7,62.5
177.3,78
163.3,64.3
182.3,60.7
168.9,56.6
180.3,92.8
167.8,59.8
171.6,71.40000000000001
170.4,75.40000000000001
174.0,67.40000000000001
166.6,56.4
177.1,76.8
178.2,91.7
173.9,66.8
168.6,58.9
171.2,62.4
179.2,77.5
172.3,63.8
177.3,73
175.3,69.2
184.0,70.7
166.6,69.2
162.3,54.6
162.0,55.8
169.8,67.3
172.5,65.7
175.1,66.3
174.7,64.7
173.9,65.7
177.4,67.5
177.5,71.59999999999999
172.4,63.1
176.2,67.3
176.6,67.59999999999999
165.0,48.3
176.3,66.3
171.5,59.4
165.5,50.7
180.1,65.90000000000001
169.8,64.3
176.7,61.7
168.6,68
177.6,69.7
168.7,77.3
162.7,61.3
178.6,65.90000000000001
171.9,75.7
175.9,72.2
186.1,67.8
179.0,78.8
166.3,61.9
163.4,64.59999999999999
177.4,71.2
175.0,67.5
177.9,63.4
178.3,68.7
173.9,73.8
188.8,78.59999999999999
184.6,74.40000000000001
178.1,68.3
169.1,59.3
176.1,74.5
174.6,80.8
176.8,84.8
178.2,69
175.0,67.59999999999999
175.8,67.59999999999999
174.3,74.2
174.2,63.7
166.3,70.5
175.3,70.40000000000001
174.0,58
172.5,60
175.8,59.2
174.4,61.9
176.3,63.2
170.4,53.1
178.7,77.90000000000001
170.5,61.8
172.1,95.40000000000001
176.6,76.90000000000001
173.0,63.1
180.0,87
177.3,68.59999999999999
170.4,104.8
168.9,65.09999999999999
167.6,72.09999999999999
167.5,64.59999999999999
169.7,59.6
173.1,61.3
178.2,58.4
163.9,56.4
168.1,57.9
168.1,59.7
172.7,79
177.3,69.90000000000001
170.0,65.59999999999999
174.4,67.7
179.6,69.7
167.9,54.8
169.3,72.40000000000001
173.2,75.5
173.7,66.59999999999999
168.9,62.2
177.7,69.2
170.9,76.40000000000001
175.7,65
177.7,70.8
168.1,65.40000000000001
169.3,82.40000000000001
176.3,65.09999999999999
176.3,71.40000000000001
179.8,84.40000000000001
171.3,77.3
175.0,76.90000000000001
179.4,94.09999999999999
168.7,64.8
172.8,65
162.4,53.3
176.5,58.1
172.9,81.8
161.0,51.9
176.4,85.59999999999999
175.5,74.40000000000001
173.4,64.09999999999999
170.4,80.09999999999999
178.0,63.6
172.7,64.7
170.3,66.09999999999999
172.0,67.90000000000001
184.4,68.8
170.7,64.59999999999999
185.2,90.09999999999999
178.8,72.8
178.2,66.5
178.4,69.90000000000001
172.5,65.5
183.4,88.2
168.2,68.09999999999999
165.9,54.9
176.6,78.5
174.0,64.7
173.7,63.9
170.2,63.5
176.3,75.59999999999999
161.9,59.3
178.0,73.90000000000001
173.7,97.5
175.9,69.90000000000001
167.3,68.59999999999999
178.8,95
174.2,95.90000000000001
172.3,60.2
175.5,71.40000000000001
167.7,61
173.2,66.90000000000001
173.1,69.2
174.6,104.5
176.6,67.90000000000001
171.3,57.4
160.7,50.7
170.0,73.59999999999999
168.2,56.9
169.7,89.2
175.5,61.4
168.0,122.1
175.5,65.09999999999999
173.3,64.2
176.1,69.7
176.4,70.90000000000001
181.8,85.40000000000001
176.3,86.8
176.8,74.5
170.9,64
169.5,60.1
168.5,79.3
173.8,67.2
165.7,66.2
173.2,51.3
166.6,67.7
176.8,76.2
173.5,54.2
181.8,63.6
172.8,67.09999999999999
166.1,69.8
182.8,66.7
173.3,71.09999999999999
164.6,70.5
177.4,84.5
180.0,75.59999999999999
168.5,78.59999999999999
165.0,77.7
177.2,87.5
171.0,64.40000000000001
160.6,48.9
163.4,64.40000000000001
167.9,60.3
163.4,64.40000000000001
165.3,55.6
177.4,73.3
165.5,71.7
150.3,46.6
168.2,64.3
177.2,75.09999999999999
172.0,69.09999999999999
162.0,69.09999999999999
166.8,66.2
168.3,65.8
168.4,78.5
172.0,75.09999999999999
170.0,62.4
179.4,75.2
178.2,82.40000000000001
173.2,69.3
177.9,71.3
174.4,86.59999999999999
167.3,63.4
150.0,53.8
167.5,53.8
165.3,60.1
169.7,67
179.9,73.40000000000001
171.0,66.3
163.9,71.3
165.2,65.90000000000001
173.4,66.2
174.3,91.09999999999999
171.5,73.5
170.6,62.5
174.7,64.8
181.8,91
160.3,73.2
172.6,67.90000000000001
171.1,73
165.5,70.90000000000001
183.0,83.2
171.3,72.7
161.9,59.2
171.4,68.5
179.3,77.09999999999999
173.6,100.4
169.4,70.09999999999999
161.0,64
172.5,68.40000000000001
170.6,75.5
170.0,87.2
175.9,78.2
171.5,74.59999999999999
179.0,94.5
174.8,73.40000000000001
176.5,88.90000000000001
181.6,61.7
165.4,70.09999999999999
166.7,76.3
174.4,71.3
165.7,70.8
166.7,64.5
165.8,66.09999999999999
165.0,57.8
180.3,83.5
163.7,62.4
165.9,80.09999999999999
167.0,69.2
162.4,68.5
168.8,68.3
169.1,82
164.8,53.2
166.2,65.5
176.7,70.3
168.0,75.2
160.3,55.9
168.2,52.3
160.7,58.5
181.7,63.8
164.4,72.90000000000001
155.5,60.4
173.9,79.7
174.5,83.2
172.0,75.2
170.7,73.8
158.6,64.7
168.5,71.09999999999999
167.6,60.3
182.0,89.2
163.8,65.3
163.9,68.8
166.5,68.8
163.8,72.90000000000001
172.1,84.5
159.6,63.3
170.3,59.8
155.3,51.8
167.2,61.3
166.7,73.3
176.4,77.2
169.1,65.8
167.7,68.5
171.3,66.8
177.8,73.09999999999999
161.5,69.40000000000001
170.5,63.1
175.5,79.90000000000001
183.3,83
167.8,70.2
171.6,95.59999999999999
161.2,82.7
175.7,61.1
182.1,59.6
168.3,70.5
175.4,79.5
172.3,62.6
179.5,73.5
173.6,66.5
167.7,62.4
184.0,98.90000000000001
174.2,67.5
171.7,66.3
161.7,66.5
172.1,58.2
170.1,59.1
174.1,64.90000000000001
176.6,66.40000000000001
173.0,63.2
165.9,71
176.7,78.2
175.5,71
184.4,75.40000000000001
175.7,60.7
172.0,67.3
174.4,64.90000000000001
160.9,47.6
178.1,53.2
175.6,63.2
174.1,56.8
170.2,57.4
175.0,63.6
168.7,71.2
174.4,71.59999999999999
167.5,67.09999999999999
181.7,74.3
177.5,63.6
171.3,58
185.8,70.09999999999999
167.0,55
137.4,33.1
145.7,42.1
152.3,46.1
151.6,38.1
147.9,45.1
146.3,52.9
152.5,56.6
140.8,32.2
161.5,40.1
152.5,54.4
164.1,59.3
155.8,50.6
168.4,72.90000000000001
157.5,70.90000000000001
168.1,54.6
173.5,65.59999999999999
159.9,66.59999999999999
160.3,71.2
156.9,68.3
169.5,83.09999999999999
175.2,80.3
170.3,74.09999999999999
158.8,68.2
162.0,63.4
163.0,67.40000000000001
165.9,64.8
163.0,71.90000000000001
167.6,66.3
174.8,88.09999999999999
167.7,71.2
170.9,80.2
172.8,77
165.4,68.59999999999999
161.3,58.1
175.8,70.3
158.8,66.59999999999999
168.2,68.40000000000001
175.6,66.90000000000001
172.0,62.8
170.3,74.7
166.5,64.40000000000001
171.8,60.8
167.3,65.3
172.1,68
159.8,60.3
164.4,68.40000000000001
164.7,75.90000000000001
164.9,65.90000000000001
175.0,63.9
168.1,78.90000000000001
161.6,63.2
164.3,64.59999999999999
168.5,68.2
167.7,76.2
162.8,58.1
167.8,85.3
168.4,76.3
170.3,76.09999999999999
169.2,78.2
165.8,73.8
164.6,67.7
164.4,60.2
174.6,70.5
165.1,75.90000000000001
165.3,57.4
165.4,75.2
162.0,70.59999999999999
168.9,65.09999999999999
173.0,72.2
185.7,91.8
173.2,93.40000000000001
173.5,79.2
160.7,70.3
161.5,65.7
152.7,56.3
164.8,75
174.5,68.7
175.0,76.90000000000001
168.2,73.2
164.2,69.3
164.0,72.90000000000001
164.1,55.4
162.3,78.3
170.3,79.2
170.0,63.9
175.0,75.09999999999999
181.9,87.59999999999999
173.2,83
160.0,69.3
166.3,67.5
181.4,75.40000000000001
168.9,71.59999999999999
162.8,63.9
168.0,83.7
170.2,80
175.1,85.40000000000001
162.4,59.6
173.8,79.90000000000001
176.2,74.3
175.1,66.40000000000001
180.9,67.90000000000001
160.9,75.5
171.0,70.5
178.8,92.40000000000001
169.7,68.2
165.2,67.5
171.8,71.2
176.0,76.90000000000001
182.5,69.7
167.0,68.3
173.5,62.7
166.8,68.3
181.5,102.4
167.4,64.3
171.7,87.40000000000001
161.7,57.9
160.5,64.3
178.8,72
175.9,86.59999999999999
177.4,61.5
167.4,68.7
170.8,74.2
168.7,68.2
162.0,52.2
164.7,58.2
178.1,71.7
169.9,89.2
171.5,81.59999999999999
171.5,93.2
164.6,77.40000000000001
169.1,69.8
172.5,72
172.3,73.5
162.3,63.6
138.3,39.4
135.8,30.4
136.3,32.1
141.3,55.9
134.3,34.4
128.5,25.6
132.4,45
132.5,53.5
131.9,28.8
129.3,30.6
123.6,23.3
127.7,24.4
124.4,25.6
131.0,23.7
132.2,27.8
155.7,50.9
147.5,38.4
148.6,50.6
146.1,33.8
142.8,32.5
148.9,37.4
146.0,39.7
149.3,40.3
129.5,24.8
146.9,37.8
136.9,32.3
149.6,38.3
142.4,44
139.1,36.1
135.0,30.6
134.8,31.1
136.2,27.1
145.2,33.3
151.2,62.6
143.2,31.6
140.9,35.3
147.7,38.6
140.7,31.2
166.0,60.1
149.6,48.5
131.9,27.4
150.3,64.3
142.0,45.2
147.4,37.3
154.6,74.09999999999999
140.4,32.2
144.5,37.3
142.1,31.2
129.9,26.9
139.3,38.5
144.8,32.1
137.9,31.7
133.9,35.7
130.4,25.7
145.5,40.9
123.0,22
130.9,25.2
127.8,27
145.7,33.3
140.6,49.7
131.7,26.5
130.4,26.8
133.7,29.2
129.3,26.8
137.7,39.1
134.3,27.8
133.0,27
139.3,48.3
136.4,28.4
142.3,34.9
133.1,31.6
133.0,28.9
129.5,31.8
136.9,35.7
147.6,38.6
133.7,26.5
151.0,33.9
143.8,37.2
141.4,32.7
147.0,55.3
143.3,32.9
142.3,32.7
147.9,47.6
155.9,42
126.9,32.8
144.5,31.3
145.8,34.1
142.1,32
120.7,22.4
118.9,19
131.2,48.2
133.2,27.8
121.3,22.2
141.1,31.8
141.2,31.1
145.8,41.7
152.2,41.4
144.1,34.8
146.6,52
146.9,33.4
139.9,36.6
128.6,28.4
132.5,26.7
144.8,38.2
130.9,37.1
131.4,32.5
120.9,22.1
130.4,26.7
137.0,35
128.4,24.4
129.5,27.1
123.4,26.3
142.0,31.7
121.5,24.8
127.1,22.6
119.0,23.3
130.5,38.7
127.5,25.7
124.1,19.9
122.2,20.5
123.7,22.9
122.7,22.8
126.0,25.2
126.6,27.4
113.6,18.6
121.3,21.5
120.8,21.6
117.1,21.2
120.5,27.5
116.5,22.1
128.5,29.9
123.5,24.7
122.3,23.5
135.2,38.8
129.4,25.4
138.6,36
131.1,30.5
136.2,31.7
139.7,33.5
164.4,52.8
148.6,36.1
142.0,31.4
142.9,32.1
134.7,25.7
149.1,42.1
145.1,36.2
138.4,32.3
146.9,55.4
141.2,31.4
146.3,36.3
148.0,34.7
152.0,50.1
140.5,34.1
147.4,38.8
145.6,39.9
139.3,32.1
137.5,34.3
144.6,30.5
149.7,52.8
154.5,40.5
143.9,31.2
146.7,38.7
149.9,46.1
145.9,33.2
164.4,67.2
153.6,37.3
141.3,34.7
134.2,29.8
162.9,50.1
154.4,41.6
149.0,52.6
147.5,42.3
141.4,36.6
149.7,38.5
140.5,34.4
145.5,34.3
138.7,36.7
140.5,33.4
139.0,32.5
138.0,30.9
135.6,50.8
130.3,33.4
139.9,43.6
138.7,40.2
134.3,24.8
137.4,30
134.5,29.9
128.8,23.7
133.6,31.3
152.9,70.7
131.9,34.7
134.8,30
135.0,30.7
139.3,29.5
128.3,24.5
156.9,38.4
161.1,45.5
159.3,66.40000000000001
164.9,43
147.3,41.5
146.0,37.3
141.1,38.2
140.2,32
152.6,38
156.8,44.4
144.8,67.5
145.6,50.1
144.7,44.6
145.4,52.7
163.6,43.7
147.8,40.8
148.7,41.4
157.6,46.2
148.0,53.7
158.6,42.2
157.6,47.1
146.8,51.8
175.7,76.3
153.4,38.3
157.3,61
151.4,55.1
152.7,76.40000000000001
152.5,56.3
146.8,42
145.7,33.8
141.7,36.2
152.4,40
150.8,47.7
143.1,42
154.0,55
163.6,60.1
146.3,44.2
165.6,66.40000000000001
150.1,47.1
138.0,37
153.7,44.9
141.2,38.5
152.5,39.7
152.0,56.3
151.8,41.6
165.0,66.5
171.3,67.3
162.7,63.2
163.9,58.8
164.2,65.90000000000001
160.4,61.8
170.8,76.8
166.6,67.5
167.4,95.5
155.5,53.5
153.6,52
169.0,75.09999999999999
169.0,69.7
170.5,63.1
168.4,68.2
176.5,75.8
179.1,88.8
168.3,80.59999999999999
174.1,72.40000000000001
169.2,70.40000000000001
169.6,69.40000000000001
172.5,82.2
173.9,63.1
171.7,86.2
165.3,63
170.3,67.8
160.2,60
163.5,60
167.7,104
165.6,67.2
163.3,73.59999999999999
167.9,81.09999999999999
167.4,59.3
168.5,70.5
172.7,77.5
166.3,72.5
158.6,59.8
171.3,81.8
163.7,60.9
169.5,64.3
173.2,84
156.3,62.2
166.8,47.2
162.5,69.7
178.4,65.2
167.4,63.2
176.8,93.59999999999999
172.3,94.40000000000001
162.0,84.3
171.6,73.2
166.3,48.8
170.9,75.90000000000001
157.0,61.8
174.7,70.3
175.6,63.5
164.5,76
171.0,78.40000000000001
173.7,75.7
161.8,53
164.8,69.59999999999999
169.1,67
169.9,60.4
175.3,57.6
168.5,60.2
163.6,73.7
172.4,71.7
172.0,80
164.6,69
161.1,67.3
174.5,62.9
168.1,70.59999999999999
163.6,53.2
169.3,75.7
166.4,60.7
169.9,83.59999999999999
173.7,79.7
167.2,65
162.8,55.2
172.5,87.40000000000001
173.6,84.90000000000001
184.2,71.2
160.7,61.2
168.7,67.59999999999999
159.4,66.2
167.9,79.2
168.8,71.7
165.2,68.59999999999999
166.6,66.5
170.6,62.6
173.8,68.5
158.2,64.3
165.6,60.2
161.5,71
159.9,49.1
172.7,56.3
173.1,51.1
172.2,64.90000000000001
173.0,73.90000000000001
170.2,76.59999999999999
177.1,62.4
171.8,69.09999999999999
166.5,61.9
169.3,61.1
174.7,61.6
166.8,53.2
166.6,50.2
175.0,69.09999999999999
179.6,61.6
171.7,64.09999999999999
171.9,58.5
172.0,53.5
168.1,63.3
178.0,70.7
165.6,64.7
173.7,68.3
169.3,67.90000000000001
171.7,66.7
173.3,58.6
174.7,65.7
174.4,61.1
174.2,68.40000000000001
168.8,59.1
164.5,66.2
168.6,61.2
156.6,54.4
171.7,73.3
164.1,52.9
172.7,64.40000000000001
184.0,67.5
176.7,68.90000000000001
163.8,63
169.7,87.40000000000001
168.2,59
176.1,65.7
173.8,56.1
181.7,68.2
188.6,64.59999999999999
172.7,67.90000000000001
180.3,93.40000000000001
164.7,61.3
172.3,74.3
175.6,70.09999999999999
167.5,68.8
175.3,65.09999999999999
168.8,60.3
175.2,58.1
172.3,56.2
173.0,68.5
178.7,107.9
174.5,81.09999999999999
181.9,71.5
176.1,68.5
174.7,57.1
175.1,71.5
167.3,58.5
173.8,57.3
165.3,58.3
182.2,76.90000000000001
171.7,72.59999999999999
170.6,65.90000000000001
178.0,58.9
170.8,57.9
170.9,54.1
174.2,78.7
166.0,59.7
179.7,78.2
180.0,69.59999999999999
170.1,64.40000000000001
162.0,59.4
169.8,68.90000000000001
172.4,62.1
181.1,63.3
177.7,61
168.4,65.09999999999999
168.3,59.4
176.3,82.5
166.0,58.1
172.8,57.9
176.4,64.3
176.5,61.8
170.1,78.59999999999999
157.7,46.6
175.7,69.3
169.5,56
180.8,82.5
177.1,77.40000000000001
174.0,85.7
173.0,52.9
166.1,47.2
172.5,53.1
178.6,59.9
173.9,71
169.2,46.4
176.5,63.2
168.1,54.4
175.5,85.5
174.9,62.3
167.4,50.5
113.1,17.3
116.5,21.5
130.8,36.8
120.9,19.7
115.7,21.6
117.9,24.6
119.4,24
118.0,24
123.6,26.4
127.4,28.6
117.9,20.4
125.1,23.3
123.2,20.3
130.7,33.2
135.0,31.3
126.4,27.1
125.9,23.9
126.5,25.1
132.0,42.4
125.6,23.2
135.8,50.1
120.8,32.3
129.0,34.8
125.0,24.5
127.6,29
126.0,26.2
125.5,23.4
138.8,43.4
124.8,23
120.2,20.1
121.6,25.9
128.7,24.5
138.2,29.4
127.0,25
141.9,36.9
132.3,28.1
135.1,33.8
134.3,31.3
124.6,21.8
121.0,22.7
133.5,28.9
133.7,30.4
144.6,51.3
140.5,31.5
138.0,29.8
142.6,40.8
132.8,27.5
139.0,31.5
133.1,42.5
143.9,43.9
135.8,35.5
133.8,28.7
136.5,28.1
131.4,29.5
132.0,27.2
128.0,28
142.0,30.4
147.4,59.5
164.2,71.7
146.7,38.4
158.5,109.1
156.2,38.4
161.8,48.6
165.8,51.4
170.3,71.3
170.3,73.59999999999999
165.8,66.2
166.5,62.4
169.7,63
167.7,58.3
161.5,65.5
166.2,48.8
148.8,36.8
170.2,67.09999999999999
169.8,66.5
153.7,47.8
174.9,56.5
163.1,59.1
159.5,49.7
164.4,45.8
155.3,60.7
168.2,49.7
167.0,53.2
169.4,53.5
158.7,47.1
167.7,57.4
163.5,63
165.4,52.3
161.1,38.7
167.4,63.2
177.2,72.90000000000001
165.9,53
164.1,50.5
157.4,37.8
159.0,43.9
163.7,52.3
152.8,55.3
168.6,65.7
156.4,49.4
177.5,51.2
160.3,44.2
177.3,62.6
161.3,50.8
158.8,43.1
157.6,63.7
156.6,49.2
175.5,61.9
161.2,45.7
168.9,56.9
159.3,44.2
179.1,87.5
157.9,73.09999999999999
165.9,57
165.4,45.4
150.9,46.2
150.2,56.4
157.2,55.1
161.3,49.9
157.3,44.4
162.6,56.3
148.0,61.1
157.0,46.7
161.8,45
159.5,45.5
161.4,55.3
162.6,44.7
162.2,52.9
170.0,53.2
165.0,55.8
180.5,59.5
167.5,57.9
174.2,63.3
165.2,51.9
164.2,47.3
158.2,60.6
166.3,52.5
167.8,46
170.7,62.4
165.5,50.5
172.9,65.59999999999999
167.8,59.8
163.6,56.5
159.7,46.4
169.8,75
172.5,67
173.5,53.4
159.8,44.8
171.5,64.2
176.5,60.1
158.6,58.6
171.2,58.1
166.7,48.4
173.4,68.90000000000001
179.3,80.40000000000001
178.2,59.6
173.7,64
159.8,56.4
166.8,50.4
158.4,66.40000000000001
158.7,48.6
158.3,44.9
147.9,46.6
157.0,62
147.5,33.7
163.3,52.8
168.0,56
166.7,82
168.7,88.3
173.0,71.59999999999999
161.7,45.4
172.2,69
160.9,68.2
169.0,60
162.8,57.6
167.2,67.40000000000001
165.4,51
178.8,57.2
166.4,59.3
171.3,66.3
170.6,60.8
176.4,63.3
169.7,58.5
172.3,57.3
162.3,67.59999999999999
160.3,41
178.1,63.4
153.3,41.4
136.8,28.9
125.2,22.9
117.7,21.8
128.8,25.1
123.1,30
119.2,21.8
126.0,24.4
107.8,16.6
126.1,22.9
128.1,38.6
118.8,22.2
116.7,21.8
121.0,26.6
117.4,21.6
125.0,30
118.0,21.7
130.2,33.1
119.8,32.4
124.3,24.3
135.9,41
114.7,20.5
118.3,24.4
120.2,25.6
117.9,20.8
124.2,27.3
121.8,23.9
120.4,21.6
129.3,34.5
121.3,22.7
122.7,22.8
126.5,23.8
125.0,25
128.9,25.3
132.3,28.8
120.0,22.6
130.7,25.3
129.8,30.6
135.0,35.7
130.2,29.8
124.7,28.7
119.5,22.1
123.0,20.7
140.0,36.3
133.7,32.5
137.8,35.3
130.0,25.9
147.8,47.9
136.2,32.5
139.2,35.9
142.5,42.6
134.7,26.4
128.8,30.5
135.9,33.2
138.7,36.9
142.9,31.8
140.0,37
135.0,37.3
138.2,44.1
139.0,38.8
135.2,25.3
132.1,25.4
129.1,26.1
127.5,24
132.1,28.3
125.2,27.9
131.3,28.5
127.5,27.5
125.2,21.1
130.7,25.7
132.6,25.7
130.9,31.6
139.5,39.6
135.5,34.6
125.3,33.4
140.0,35.4
145.5,40.8
132.7,40.1
136.8,39.6
132.1,25.7
137.7,32.6
146.8,56.8
135.2,24.5
129.1,22.5
145.2,44.6
133.4,37.4
137.5,35.9
136.4,30
144.3,38.4
130.1,31.1
136.6,29.6
125.2,24.3
146.7,68.59999999999999
141.0,31.2
140.2,52.6
135.0,45
132.5,33.9
127.3,26.5
127.7,26.8
131.9,26.8
137.5,35.8
135.5,37.3
137.0,44.3
123.4,24.1
140.9,33.2
139.8,40.6
126.7,26.4
144.8,45.6
128.0,25.2
141.0,34.7
121.4,21.9
143.6,41.8
136.4,27.5
129.3,27
134.3,30.5
139.9,30.6
140.8,42.2
138.2,30.3
137.7,30.1
144.5,46.6
132.8,28.1
150.9,36.1
141.0,31.5
141.0,28.7
149.0,52.2
140.0,38.2
147.3,37
150.6,47.8
141.6,28.4
134.5,33.4
141.6,42.1
145.9,38.2
152.9,44.4
138.0,40.3
134.2,29.5
153.5,55.9
135.2,31.1
135.9,29.2
134.3,27.4
150.1,54.9
145.0,42.6
164.7,46.8
148.7,37.7
147.0,33.2
148.2,53.3
157.1,49.7
138.2,42.8
163.7,64.5
163.7,72.5
164.7,60.8
162.0,63.2
152.6,55.9
185.2,73.5
169.1,60.4
167.7,59.3
174.9,70.40000000000001
171.8,83.09999999999999
162.6,50.8
171.5,57.6
173.3,57.6
174.7,76.2
159.1,56.7
174.7,67.90000000000001
172.0,74.8
169.4,67.90000000000001
183.9,94.90000000000001
174.2,70.3
176.2,91.40000000000001
168.7,62
175.7,70
170.6,89.90000000000001
174.4,78.5
169.3,61.6
178.5,65.7
177.5,68.90000000000001
164.0,51.5
173.8,63.4
168.3,52.2
177.8,56.5
163.5,62.9
167.7,68.3
173.5,51.2
168.6,54.9
167.2,73.8
162.1,64.7
174.2,96.59999999999999
173.4,61.7
165.5,74.2
181.8,71.2
176.5,66.7
185.3,75.59999999999999
174.5,62.9
167.3,63.6
172.5,63.4
169.3,70.09999999999999
166.8,63.2
176.8,61.6
170.5,66.59999999999999
171.4,65.59999999999999
167.4,65.5
164.5,66.7
174.1,87.7
180.4,76.59999999999999
168.8,56.7
163.9,49.9
170.5,51.4
161.0,63.1
181.7,59.7
168.4,63.6
173.5,59.9
167.9,62.3
171.7,56.7
168.4,55.3
171.2,56.9
166.5,83.5
170.9,55
166.4,49.9
167.7,69.3
169.6,55.6
169.5,62
181.5,84
164.7,67.40000000000001
166.2,45.3
162.3,61.4
157.9,57.2
176.6,66.7
169.6,57.7
171.3,61.9
174.6,57.7
172.0,73.09999999999999
172.0,68
181.7,71.40000000000001
166.7,51.1
174.3,68.59999999999999
168.4,54.6
169.9,57.1
177.3,87.09999999999999
187.2,129.9
169.7,53
178.1,72.40000000000001
162.8,54.3
165.3,57.5
162.5,56.1
172.5,63.6
173.2,61
174.8,77.3
177.2,65.7
186.8,61
173.3,54.5
175.7,57.4
166.7,56.8
172.9,68.5
168.0,61.7
177.3,63.2
164.8,49.4
163.4,52.9
168.6,59.6
169.7,62.8
172.1,81.7
169.8,64.7
159.1,46.3
140.6,30.7
148.4,39.2
169.3,60.3
152.6,40
153.5,40
152.4,39.6
167.1,66.2
155.5,52.7
147.1,37.9
151.8,37
161.1,49.5
166.7,53.8
164.7,54
164.8,52.9
151.6,40.6
154.3,49.8
168.6,53
166.4,49.5
156.7,52.5
169.2,63.4
159.3,46.3
173.7,63.5
171.5,68.8
153.2,46.1
169.6,58.5
152.2,39.3
162.0,70.5
170.5,62.9
171.6,63.4
160.0,44.3
164.5,47.6
156.0,60.3
163.6,50.8
166.3,70.90000000000001
149.3,55
150.7,42.5
159.3,42
165.3,47.5
171.6,81.5
167.7,73.40000000000001
149.1,36.5
154.8,65.5
159.3,44.6
152.2,60.3
152.2,53
154.0,50.8
160.1,66.59999999999999
171.5,46.4
161.4,64.3
155.3,67.5
171.2,50.4
178.7,66.59999999999999
158.2,61.6
166.2,45.3
168.4,67.7
157.6,53.9
169.3,46.6
150.7,40.3
159.5,55.3
165.8,62.8
170.5,67.3
167.2,54.1
163.2,66.09999999999999
152.2,44.6
151.1,37.5
159.2,41.9
162.3,50.3
162.1,59
166.1,51.4
179.8,60.1
164.1,45.5
177.8,65.7
171.2,67.8
171.2,68.8
169.3,50.1
165.2,55.5
157.8,45.2
168.7,50.4
170.8,50.5
166.7,52.9
172.4,71.5
169.5,66.40000000000001
169.2,51.8
169.4,59
163.4,63.9
175.4,60.8
173.3,67.8
165.9,67.7
162.0,77.7
169.8,46
172.2,53.2
163.1,52.2
171.7,64
164.1,45.4
163.6,52.8
167.4,70.2
167.0,52.3
171.0,55.3
170.3,78.5
171.3,52
171.5,80.7
171.2,59.2
171.0,64.3
161.0,71.09999999999999
157.9,41.9
162.4,42.9
173.8,61.7
161.4,53.5
170.7,69.40000000000001
160.7,49.6
161.6,62.2
158.5,49.2
164.4,61
165.2,54.8
152.8,42.4
168.5,91.8
154.2,42.9
165.3,44.9
157.0,48.7
164.8,45.5
143.2,28.4
154.8,61.5
154.0,63.3
148.3,35.9
148.9,50.5
160.1,42.2
150.5,62.4
153.3,38.6
146.6,37.1
153.0,54.7
159.7,50.5
157.7,60.1
154.6,44.3
144.4,49.3
140.1,46.2
141.4,49.1
160.5,48.7
139.8,31.2
140.9,37.1
144.1,28.2
161.8,71.09999999999999
150.4,43.3
136.3,35
145.9,34.9
152.0,44.4
164.7,63.1
153.3,41.5
139.9,42
164.2,80.2
157.1,50.2
160.5,47.9
142.2,44.4
157.5,41.4
155.5,40.6
141.6,42.5
162.8,47.7
142.2,41.3
156.2,43.1
141.3,40
134.4,29.2
145.5,43.1
153.2,41.4
139.1,33.4
144.4,52.2
144.3,30.1
154.0,44.3
165.2,51.6
148.2,50.8
154.0,70.7
132.8,28
149.5,50.5
150.0,60.3
150.2,50.1
139.2,41
151.0,54.1
154.6,50.8
155.5,45.5
131.3,29
149.5,35.8
149.0,40.7
153.3,56
160.6,60.6
159.9,55.6
136.0,27.8
150.9,38.5
149.4,43.5
153.8,48.5
146.8,46.2
155.3,44.5
165.0,69.8
179.6,73.40000000000001
167.5,62.2
171.5,66.90000000000001
166.3,81
163.5,67.7
177.6,76.40000000000001
168.3,59.9
173.0,68.8
162.2,72.5
161.2,59.6
171.2,78
173.3,75.59999999999999
172.0,64.7
169.0,65
166.5,62.8
175.5,60.8
183.0,76.40000000000001
170.1,77.59999999999999
176.0,71
176.4,77.90000000000001
173.4,65.2
170.1,59.3
176.7,72.40000000000001
166.6,64.3
174.4,72.7
172.7,66
158.6,50.9
154.4,48.4
161.5,68.8
150.0,46.5
152.0,53.7
148.2,37.4
165.6,80
155.1,47.5
168.0,48.8
157.8,51.5
149.5,34.3
142.7,39.6
166.3,70.8
160.7,65
160.5,63.3
158.1,50.1
152.9,37.8
172.1,52.2
174.6,54
165.5,54.3
163.7,60.7
162.0,55.4
171.1,59.7
167.1,60.1
164.0,52.1
161.7,52.6
149.0,44
160.5,48.1
159.1,48.4
166.8,70.7
153.6,50.1
167.8,58.1
149.7,64.90000000000001
156.2,44.9
161.1,46.3
160.6,52.3
164.9,70.8
152.7,49.7
147.2,40.7
150.9,36.7
147.4,43.6
160.7,43.3
155.4,39.6
176.6,100.9
153.3,60.6
149.8,33.3
166.6,59
172.1,67.90000000000001
159.5,41.9
158.0,52.2
171.5,57.3
159.7,66.59999999999999
159.4,51.2
158.7,60.3
157.9,44.8
152.7,40.8
156.8,43.1
164.5,51.2
164.6,66.09999999999999
144.2,34.9
162.8,47.7
161.9,48.2
171.0,63.2
158.6,49
158.5,47.1
164.4,61.8
156.0,38.4
157.9,45.5
157.2,58
159.8,40.6
166.6,42.4
167.6,78.90000000000001
178.0,50.8
157.4,42.4
159.0,64.2
170.5,73.8
163.8,53.4
156.5,47.3
167.3,54.8
158.8,49.1
161.7,46.7
160.0,56.8
154.1,53.5
171.9,53.4
170.1,57.3
167.3,61.8
158.6,42.2
168.2,53.6
162.4,54.4
164.1,61.7
160.1,42.7
163.7,52.2
164.2,73.40000000000001
154.4,47.1
144.9,35.7
139.8,26.3
173.1,82.09999999999999
160.7,56
163.9,48.7
160.8,44
168.7,78.7
156.9,52.2
167.8,49.9
164.7,59.8
166.2,66.09999999999999
170.5,64
180.1,80.09999999999999
165.6,76.90000000000001
175.2,77.59999999999999
177.8,84.09999999999999
163.3,65.5
170.4,70
173.9,61.6
174.5,61.4
178.4,78.3
178.5,58.7
165.3,62.9
171.0,72.2
158.6,54.4
174.1,71.7
170.1,69.7
178.5,89
174.9,62.5
172.5,75.5
174.0,75.2
177.2,72.09999999999999
175.2,83.40000000000001
171.5,67.90000000000001
177.5,73.7
178.0,73.7
168.7,68.90000000000001
168.6,48.2
160.7,60.1
182.2,87.5
171.4,70.09999999999999
172.6,63.5
171.2,59
169.1,65.3
179.7,85.90000000000001
169.8,77.40000000000001
185.1,66.40000000000001
174.0,58.9
173.5,63.9
170.8,69.09999999999999
170.9,74.8
167.8,67
171.0,82.5
175.0,64.8
171.0,67.8
168.5,59
186.4,77.59999999999999
179.7,78
176.6,72.8
173.5,57.9
182.7,73.3
183.5,66.59999999999999
176.5,66
168.7,74.2
177.1,89.90000000000001
172.9,60.8
174.9,60.1
172.5,75.3
168.0,74.40000000000001
184.7,69.40000000000001
176.9,76.3
175.4,70.8
183.3,71.5
174.6,67
167.6,73.40000000000001
174.7,62.6
168.3,66.3
182.7,65.2
167.7,67
167.8,61.5
177.3,64.09999999999999
182.4,84.40000000000001
171.5,61
169.6,78.59999999999999
193.5,72.7
171.8,81.5
171.4,62.4
173.9,61.3
176.4,90.8
170.3,56.7
179.6,70.8
178.3,63.6
172.1,88.2
183.1,75.5
180.3,68.09999999999999
177.6,80.7
162.3,56.4
175.2,79.7
165.2,65.7
172.4,72.3
181.5,73.3
171.4,69.09999999999999
182.2,80.7
174.4,80.5
180.5,85
176.9,62.2
170.9,68.59999999999999
180.0,69.59999999999999
165.2,69.09999999999999
174.0,61.1
168.1,58.4
171.8,57.8
166.1,67.40000000000001
173.0,70.40000000000001
162.7,46.1
185.0,61.5
179.1,70.90000000000001
166.0,61.3
163.8,46.7
171.6,69.90000000000001
166.9,85.59999999999999
171.0,64.7
153.4,58.6
174.9,66.09999999999999
161.8,55.2
166.5,67.3
172.3,63
178.7,71.5
175.9,52
171.4,56
176.9,64.3
169.8,60.6
175.6,73.7
174.1,53.8
177.7,78.09999999999999
173.4,71.7
183.5,82.8
172.1,70.59999999999999
171.7,72.7
175.8,84.40000000000001
167.9,67.90000000000001
169.5,62.8
169.5,64.7
156.5,45.8
170.9,59.1
174.2,79.8
168.3,82.2
181.5,108.1
174.4,55.8
171.6,67.5
165.7,54.5
176.6,67.40000000000001
181.3,64.2
183.0,63.2
176.3,80.59999999999999
180.5,77.7
175.1,68.3
125.0,23.8
124.4,22.4
124.5,23
121.4,21.8
124.3,23.3
120.6,27.4
121.7,31.3
127.0,23.1
122.8,25.8
116.0,23
117.8,22.4
119.4,22.8
116.7,21
120.6,20.6
117.7,26.7
119.5,21.7
125.0,25.7
109.3,20.3
116.3,24.6
115.1,20.6
125.0,25.3
116.4,21.3
113.3,20.8
124.3,24.9
112.5,17.3
118.3,19.6
121.8,22.1
115.9,19.8
117.8,20.1
113.4,18.7
122.3,22.2
122.4,21.2
126.0,26.4
134.5,26.4
119.0,20.6
123.2,26.6
130.0,23.7
122.9,21.4
133.3,35.1
124.3,23
119.4,26.2
123.2,20.6
130.6,31.6
131.6,30.7
132.6,33
127.8,33.6
128.0,27.4
127.6,26.3
121.8,20.7
131.9,27.4
120.6,25.7
127.5,25.4
128.5,24.8
125.0,21.8
127.8,34.5
127.2,25.1
132.4,34.4
129.5,31.1
130.0,27.5
132.8,31.2
134.8,35.8
131.3,27.2
134.7,28.2
119.4,21.1
132.7,30.2
135.6,33.6
132.9,29.7
145.3,52.7
143.0,46.6
140.3,44.2
137.6,29.6
141.1,47.5
135.8,29.3
123.7,23.9
135.8,30.1
132.9,32.4
126.9,28
137.4,31
134.9,41.8
122.5,30.8
129.9,22.9
140.2,48.3
138.3,42.2
132.5,28.4
140.3,55.3
132.7,26.2
136.8,40.8
137.8,28.4
134.0,28.3
136.5,27.4
131.0,28.9
142.3,33.3
131.8,35.1
129.1,26.8
130.3,29.5
136.5,36.2
127.8,23.8
142.0,46.9
137.7,28.5
133.5,32.3
140.0,33
139.6,44.9
137.9,34.7
127.7,25.4
135.7,26.3
135.4,43.7
128.5,25.8
138.3,41.4
130.3,32.1
131.5,27
133.8,28.7
137.1,53.5
146.7,39.8
136.4,30.9
141.9,48.9
143.7,36.5
146.9,57
140.0,34.8
139.7,36.8
140.7,39.4
134.8,31
147.0,64.59999999999999
141.5,38.3
137.7,33.7
117.3,20.6
131.0,27.9
129.9,30.1
136.6,33.6
127.6,26.9
152.1,43.6
149.8,65.2
146.1,34.2
149.7,54.8
132.4,26.8
151.9,38.4
135.0,38.1
146.0,38.7
136.5,40.5
140.0,45.3
133.0,24.5
150.8,63.2
148.4,52.4
147.0,35.8
141.5,41.5
140.9,29.7
138.8,31.5
143.8,33.7
142.4,33.1
137.7,27.6
141.4,27.4
150.6,34.4
151.5,60.5
139.1,42.3
136.9,39.2
149.0,52.6
141.5,41
142.0,34.7
147.3,38
146.0,39.3
144.7,36.2
156.0,71.2
141.9,36.6
139.2,39.4
148.8,41.5
149.3,55.5
139.9,39.1
142.5,48
137.6,30.6
140.1,31.6
134.2,27.1
139.3,34.5
140.0,37.2
136.7,36.1
136.1,35.3
138.9,33.7
153.8,46.4
133.3,30.9
151.0,47.6
141.4,46.6
137.4,33.1
142.8,41.9
140.4,43.8
132.0,23.7
131.6,29.1
132.8,37.6
133.3,25.3
132.2,29.8
142.9,53.4
131.3,30.7
130.7,30
140.2,36.8
127.8,31.9
131.3,26.2
132.3,35
120.0,21.4
139.8,33.5
115.7,17.6
136.8,34.1
131.3,36.5
141.5,41.1
132.9,32.5
131.8,31.9
133.1,24.2
139.7,38.1
143.0,60.9
143.0,57.3
150.7,43.9
139.8,51.7
137.7,25.4
144.7,35.4
149.6,47.8
143.2,35.9
140.3,31.1
148.5,45.2
147.8,43.1
134.3,31.8
123.9,40.8
144.5,39.5
138.0,48
145.8,38.4
140.6,35.8
142.8,44.8
137.0,32.5
142.2,30.6
130.7,26.3
137.9,30.5
146.6,57
154.5,63.2
134.8,28
133.0,35
138.8,37.5
148.2,36.1
141.0,40.5
137.5,45.1
138.8,50.1
146.3,37.5
150.9,45.4
148.3,38.8
134.3,34.1
131.5,32.4
145.9,42.1
145.0,48.4
151.5,38.6
154.2,47.5
160.6,61.9
159.5,56.3
148.9,41.8
153.0,47.5
159.6,59.1
145.3,45.2
153.2,45.8
146.4,48
163.0,53.8
161.9,70.90000000000001
143.8,31.9
155.8,47.4
136.8,28.6
139.7,30.4
163.2,47.9
150.5,38.9
127.8,25.3
158.5,53.8
142.2,41.4
149.2,52.5
153.1,46.5
141.9,40.7
156.9,48.2
145.5,35.1
142.6,30
144.9,49.3
144.0,49.5
143.2,30.9
154.3,67.59999999999999
166.3,60.6
174.8,75.8
174.2,77.2
176.0,68
180.0,64.8
171.6,66.09999999999999
172.2,59.1
181.3,93.09999999999999
171.5,74.59999999999999
180.0,79
171.9,71.2
170.3,63.3
169.8,59.7
169.6,57.8
174.0,56.1
173.3,65.3
169.2,58.1
167.5,64
164.0,57.1
161.3,68.90000000000001
177.0,62.7
161.8,54.3
173.1,71
178.4,69.8
169.9,67.59999999999999
160.7,60
179.9,89.59999999999999
172.8,71.59999999999999
168.3,68.40000000000001
165.7,60.1
172.1,62.6
172.7,65.59999999999999
169.3,69.40000000000001
165.8,61.4
174.4,87.59999999999999
174.4,73
167.3,66.59999999999999
164.9,54.9
162.7,65.3
175.7,79.5
170.5,70.90000000000001
168.3,65
171.8,70.2
181.7,79.2
173.3,75
177.6,76.90000000000001
172.4,67.7
162.5,74
167.1,70
173.8,62.3
171.0,81.09999999999999
180.1,69.7
179.7,69.5
171.6,55.6
164.5,74.09999999999999
169.5,68
182.5,93.8
164.4,52.8
162.3,56.9
162.8,67.90000000000001
166.5,77.40000000000001
167.1,66.7
167.9,63.8
175.3,84.5
174.0,71.7
163.4,57.6
160.3,61.1
180.0,75.3
169.5,63.8
168.8,71.90000000000001
174.2,67.40000000000001
166.8,63.8
170.3,55
173.9,69.90000000000001
174.6,62.1
181.0,72.8
167.6,49.2
187.4,85
173.2,68
174.0,92.09999999999999
150.5,44.1
168.5,71.3
118.0,23.8
122.1,20.4
124.1,21.6
118.8,20.9
118.4,22.8
123.0,21.6
121.9,22
120.8,22.5
123.4,32.1
116.3,21.6
116.4,19.1
128.8,25.8
129.9,27.5
122.8,20.6
125.5,33.4
125.3,22.8
118.2,23.1
120.7,22.1
122.1,27.2
128.1,34.9
128.7,38.5
125.3,23.3
117.2,19.2
114.3,21.3
120.4,22.7
127.1,23.9
125.3,27.2
133.5,31.9
116.4,24.7
112.8,18.8
128.2,24.3
132.2,26.1
121.7,21.5
128.5,26.8
126.9,28.3
129.8,32.7
123.8,27.3
128.5,24.3
133.5,30.4
128.5,22.9
127.4,22.7
129.4,28.8
130.0,25.3
130.9,25.9
128.5,23.6
128.2,24.6
128.8,25.7
129.8,24.6
119.2,22.2
121.9,25.2
128.8,28.6
136.3,37.5
134.0,34.4
131.2,31.6
131.1,29.4
133.8,24.8
128.0,28.2
128.8,32.4
123.8,20.6
129.0,24.6
139.4,27.9
128.0,25.1
136.4,28.2
138.8,36.7
138.7,39.1
136.4,30.8
129.0,24.8
127.1,25.4
134.6,28.9
137.5,35
139.5,35.8
137.9,37.2
145.9,46.8
135.7,37.6
140.7,33.1
133.5,33.7
134.8,30
133.6,42.6
133.9,38.2
137.3,28.7
122.8,24.3
141.2,46.4
140.3,46.8
141.6,32.3
137.3,36.3
131.2,26.8
144.1,33
131.2,30.8
149.4,37.3
137.3,29.3
137.1,29.2
134.5,30.3
142.2,52.8
140.3,32.8
137.0,28.5
134.5,34.2
141.7,30.8
144.4,41.9
134.7,31.7
138.3,41.4
136.3,34.1
136.4,32.9
142.0,29.1
135.1,30.5
151.1,44.2
134.7,30.1
132.7,30.2
134.9,33
138.2,36.4
146.5,31.1
135.5,33.1
145.4,39.3
142.0,35.8
137.4,33.9
139.6,38.3
139.9,37.8
147.8,62.9
134.5,29.6
143.9,34.9
137.6,34.3
159.8,54.3
143.0,33.4
139.2,42.5
146.9,40.9
138.6,30.4
140.5,36.5
148.2,44.3
140.3,41.9
140.5,29.8
142.3,39.7
145.5,52.2
147.7,38
137.2,26.2
143.7,36.6
142.1,30.5
137.7,37.5
156.3,52.7
146.8,31.8
136.7,39.1
144.1,38.2
149.8,35
138.6,47.1
147.5,36.9
161.3,60.4
142.2,31.5
138.3,52.5
136.1,30.5
147.4,53.2
145.7,43
167.8,48.8
144.6,37.8
146.4,35.6
147.4,39.8
159.8,63.7
150.0,56
154.2,53.9
152.7,45.4
156.6,51.8
160.4,60
156.2,48.9
140.4,35.5
146.9,46.3
151.2,54.8
151.7,39.5
143.1,35.3
162.6,73.59999999999999
153.6,61.7
150.4,48.1
149.7,41.4
151.7,46
144.3,36.2
150.4,43.6
155.0,55.2
157.2,48
167.8,67.2
148.2,40.6
168.5,64.3
149.9,41.6
159.7,59.4
147.0,34.9
148.8,39
151.8,42.4
155.7,44.7
146.0,42
149.5,40.3
140.8,34.5
167.7,63.3
147.2,36.1
170.6,71.3
168.5,63.7
161.3,74.2
167.4,79.5
173.6,78.90000000000001
172.0,74.90000000000001
174.3,58.4
174.5,70.40000000000001
168.8,59.4
156.9,64.5
168.4,56
180.7,70.2
176.0,72.40000000000001
174.6,72.40000000000001
166.7,52.5
179.5,83.5
159.7,66.5
164.9,65.7
165.5,57.5
176.5,85.2
159.0,68.09999999999999
171.9,79.40000000000001
166.9,66.2
158.8,56.9
177.7,94.59999999999999
162.7,73.7
169.9,67.5
162.2,68.09999999999999
173.4,63.6
173.4,58.6
164.3,61.2
167.9,60.3
163.1,77.3
164.4,62.1
165.7,72.09999999999999
163.2,59.6
169.2,66.2
174.6,61.5
176.2,80.7
177.6,58.2
160.1,64.40000000000001
174.0,70
175.3,77.5
164.9,62.4
163.0,59.3
165.2,74
178.2,81.7
174.4,79.90000000000001
172.4,71.09999999999999
172.1,64.7
178.4,74.2
177.0,72.09999999999999
167.5,62.7
167.3,78.5
165.5,81.59999999999999
177.2,78.40000000000001
178.0,67.09999999999999
166.8,68.8
177.5,73.59999999999999
170.0,63.9
173.6,76.90000000000001
153.9,61.9
159.9,61
169.9,77.3
177.5,66.90000000000001
174.4,107.8
162.7,59.2
161.3,57.8
174.5,71.2
165.1,64.5
166.6,76.09999999999999
167.1,74.7
163.0,71.2
167.1,67.5
174.5,64.09999999999999
147.9,37.8
171.5,54.2
176.4,76.59999999999999
165.8,48.4
172.9,80.7
176.9,83.09999999999999
163.8,55.6
170.0,71.2
174.0,76.09999999999999
176.9,80.7
162.5,69.40000000000001
173.6,81.8
164.2,76.8
174.2,62.4
177.0,103.8
173.6,88.90000000000001
170.6,79.40000000000001
164.8,78.7
172.6,74.2
174.5,76.8
173.3,80
165.6,75.59999999999999
161.9,59.7
172.8,77.8
183.3,64.90000000000001
166.1,61.4
173.3,55.1
160.0,65.40000000000001
167.0,63.8
165.3,66
176.4,75.7
174.7,86.7
172.2,65.5
170.0,70
159.6,73.2
169.1,65.3
173.8,63.5
170.3,55.3
171.2,61.9
167.1,74.7
166.0,75.90000000000001
163.9,71.59999999999999
166.7,65.40000000000001
179.0,76.40000000000001
173.8,60.5
185.1,96.90000000000001
166.4,55.7
165.3,78.7
166.0,65
158.5,66.7
161.2,67.90000000000001
179.5,99.59999999999999
177.9,70.40000000000001
167.7,68
170.5,77.90000000000001
175.0,56.7
173.5,71
164.0,61.7
171.8,65.59999999999999
165.7,70.3
167.5,70.90000000000001
168.5,72.09999999999999
180.0,85.40000000000001
184.3,74.2
165.0,52.8
177.0,83.59999999999999
131.9,35.3
176.0,80
167.6,61.3
180.3,73.7
172.5,74.8
171.9,69.8
166.8,50
162.5,68.09999999999999
174.4,77.59999999999999
169.1,80.09999999999999
176.6,72.5
170.7,51.4
167.1,55.2
172.5,80.3
171.4,64.2
171.6,59.7
155.6,53.8
172.0,86.59999999999999
164.9,63.8
150.3,35.2
177.7,85.8
171.0,54.1
170.9,77
167.1,73.90000000000001
182.1,92.2
179.8,69.8
178.9,85.90000000000001
168.9,70.3
161.7,65.3
173.3,67.2
172.2,78.90000000000001
166.8,73
168.6,66.7
166.8,59.4
161.5,55.8
171.8,61.7
163.9,73.40000000000001
173.4,96.3
176.1,71.09999999999999
165.0,43.4
174.2,70
165.7,70.3
168.0,66.40000000000001
176.5,79.5
166.6,65.40000000000001
177.6,83.59999999999999
178.5,60.4
170.7,55.6
170.0,69.59999999999999
171.1,57.9
161.5,77
170.4,77.7
169.4,57.4
175.0,58.8
175.5,71.8
165.7,71.5
177.1,61.2
174.1,92.09999999999999
171.5,73.7
174.4,116.7
170.8,73.3
173.8,81.2
170.1,60.6
169.0,56.8
179.5,84.7
163.7,60.4
158.6,73.09999999999999
167.9,60.4
167.1,57.9
160.7,55.5
164.5,69.09999999999999
172.5,98.40000000000001
164.0,77.40000000000001
163.3,66
163.3,54.8
166.8,72.7
164.3,79.8
162.7,50.5
172.5,64.5
158.4,62.5
174.3,78.59999999999999
163.4,75.5
175.7,58.2
170.7,49.3
181.1,86
163.0,51.2
169.6,56.9
178.2,86.3
173.0,73
168.1,72.3
161.0,63.9
160.6,59.6
158.0,92.8
157.0,53.7
165.5,71.2
173.4,75.7
178.0,82.59999999999999
165.7,51.7
176.2,83.7
174.5,86.2
172.0,75.7
169.4,63.5
170.5,87.2
167.2,91.40000000000001
173.0,105.5
172.5,76.09999999999999
168.9,69.2
164.8,62.8
173.1,75.5
162.7,50.7
166.4,66.7
165.0,70.09999999999999
158.2,68.8
163.2,58.1
165.9,67.7
162.3,75.3
154.7,54
170.0,64.8
172.8,49.1
156.1,47.3
145.9,33.9
146.3,48.2
165.5,47.7
162.2,44.8
151.1,49.9
165.8,52.7
156.0,45.2
155.3,59.2
162.6,51.5
150.8,76.59999999999999
148.0,36.4
152.2,44.9
165.1,45
167.2,85.90000000000001
162.5,59.8
160.8,62.5
166.3,53.8
152.3,58.6
154.3,47.6
145.3,37.9
155.2,46.2
159.4,44.4
159.1,57.6
148.3,53.1
167.1,49
142.0,54.3
142.8,33.5
165.1,49.5
167.5,49.4
172.8,72.40000000000001
170.6,70.09999999999999
174.8,56.3
176.3,67.3
175.2,71.40000000000001
175.0,58.7
169.6,61.5
188.0,67.59999999999999
170.9,53.1
165.5,50.7
172.8,80.40000000000001
166.1,57.8
181.7,68.2
171.5,59.6
175.7,95.2
169.1,52
167.8,52.9
179.7,61.5
165.9,56.6
150.8,37.7
169.3,70.8
146.6,41.3
152.3,43.1
152.3,46.1
164.4,89.7
154.7,37.6
152.2,64.2
178.8,86.90000000000001
140.3,33.2
157.1,45.3
178.7,65.59999999999999
165.0,76.40000000000001
172.4,90.90000000000001
162.9,52.8
176.0,54.3
162.4,68.59999999999999
150.7,42.9
172.2,80
147.5,46.8
153.6,57.2
160.0,71
169.7,78.3
163.7,49.6
164.0,83.2
180.7,61
179.0,64.09999999999999
169.1,61.5
167.7,57.3
163.7,49.1
165.5,56.2
178.0,80.09999999999999
175.0,55.3
183.7,71.90000000000001
169.0,67.09999999999999
164.9,54.7
173.0,51.7
173.2,82.40000000000001
173.6,64.40000000000001
183.0,71.90000000000001
164.7,77.90000000000001
180.9,77.90000000000001
173.8,74.5
171.3,55.8
167.8,68.7
171.0,77.40000000000001
163.9,54.8
175.2,78.3
172.5,65.90000000000001
175.1,93.7
177.0,68.7
170.0,88.3
175.0,59.5
172.5,61.2
181.7,77.3
175.9,65.90000000000001
179.4,69
176.0,60.7
181.0,76.5
172.6,64.09999999999999
171.6,63.4
176.9,66.90000000000001
178.4,64.8
175.2,64.3
172.1,62.3
170.3,67.59999999999999
165.0,60.9
176.4,74.3
176.3,64
178.6,83.3
166.0,56.4
155.5,63.3
159.3,68.7
171.1,61.4
172.9,67.2
165.4,48.6
171.4,71.2
175.3,69.2
182.9,87.8
172.8,63.2
171.6,72
162.5,59.4
152.1,43.8
155.3,64.90000000000001
175.3,83.5
171.7,81.3
179.3,77.7
171.7,63.4
171.2,87.3
170.0,72.59999999999999
184.2,75.40000000000001
169.5,72.3
168.2,56
161.2,78.09999999999999
152.0,43.3
181.0,72.7
158.9,72.3
161.8,47.8
177.5,53.3
155.0,59.2
163.5,42.9
166.5,94.8
157.5,53.2
158.7,59.3
159.9,46.1
165.9,55
171.0,64.3
168.1,57.9
171.8,52.8
163.2,65.8
166.6,45.5
164.5,50.5
159.7,68.5
162.7,67.40000000000001
173.4,47.9
167.5,54.8
150.6,41
161.3,45.4
162.2,46.7
156.2,54.9
162.5,75.2
167.1,73.09999999999999
144.2,34.7
166.0,53.4
159.7,44.1
162.5,57.3
164.3,51.5
166.4,55.1
164.9,44.6
163.8,58.8
164.0,50.2
173.0,61.4
163.8,70.90000000000001
162.2,44.5
162.2,41.4
170.3,76.5
172.0,62
169.8,52.1
173.5,58.8
173.0,63.1
163.9,55.4
168.3,61.5
186.6,87.40000000000001
168.2,64
151.3,38.2
153.0,40.2
156.4,44.9
156.5,45.9
155.8,48.4
151.3,49.8
167.1,50.5
158.2,45.7
171.3,60.5
172.7,57.2
141.6,30.9
159.2,38
157.4,49.1
165.2,52.3
168.1,66
161.2,53.7
170.0,71
171.6,80.2
163.8,46.3
170.7,55.2
165.7,64.2
170.0,65.8
156.5,49.9
162.0,50.3
164.0,72
165.8,58.3
165.4,50
175.3,64.40000000000001
159.3,47.8
153.7,56.3
169.0,54.2
162.8,56.9
166.4,55.4
147.2,51.7
147.3,39.4
150.5,44.1
149.4,34.9
174.2,81.90000000000001
168.8,73.09999999999999
173.9,67.8
177.4,60.1
165.6,60.9
165.6,73.59999999999999
172.9,64.09999999999999
161.4,56.3
159.0,46.9
162.0,50.3
167.8,41.5
158.3,60.8
167.7,48.5
164.5,53.7
167.3,57.8
165.6,49
182.5,62.6
164.4,55.7
167.0,60.3
162.9,61
168.5,49.7
162.6,52.4
163.7,64.5
175.3,76.40000000000001
167.9,56.3
168.8,51.8
178.3,69.8
163.5,61.8
166.5,55.4
178.7,87.90000000000001
168.2,68.59999999999999
170.1,72.3
161.4,70
164.2,74
167.7,70.8
169.6,80.09999999999999
175.7,54.3
170.5,55.7
169.0,67.7
166.8,56.1
169.0,62
162.6,82
162.8,66.40000000000001
163.2,67.7
181.5,74.09999999999999
167.3,51.1
164.6,46.3
169.5,61.9
167.4,60.2
167.4,66.3
171.3,52.1
167.4,66.5
174.2,63.9
175.0,81
170.5,56.8
161.7,69
184.7,71.2
166.8,60.5
159.7,51
170.7,69.09999999999999
159.3,53.6
174.0,69
173.1,63.7
177.7,81
174.7,81.8
175.7,62.8
141.4,29
156.7,41
152.6,39.8
161.4,83
162.3,49.3
161.4,55.5
164.4,47.5
175.0,64.8
170.5,51.1
167.5,58.8
173.2,53.1
164.5,58.7
169.3,53
164.1,74.2
175.8,62.6
180.3,115.4
164.6,49
165.9,52.8
157.2,43.5
170.5,51.9
163.6,51.9
174.5,53.2
168.2,61.7
168.0,70.5
174.7,80.5
168.7,51.4
172.2,53.2
167.7,54.9
176.8,70.59999999999999
177.5,61.8
181.3,85.8
152.3,45.8
176.1,50.6
175.5,88.2
174.1,93.8
179.0,74
180.4,75.09999999999999
171.8,67
187.4,87.2
176.0,63
169.0,70.5
167.9,68.90000000000001
174.8,70.8
165.5,65.7
186.7,77.2
174.5,73
165.2,68.40000000000001
172.5,61.5
179.0,68.09999999999999
181.5,68.8
171.5,58.4
174.6,56.4
170.1,62
167.9,65.59999999999999
164.8,53.4
175.0,62.5
172.3,65.59999999999999
168.0,57.6
173.8,61.6
165.3,70.90000000000001
175.0,79
166.5,49.8
171.4,80.2
172.0,71.7
171.4,51.3
173.8,62.1
167.1,69.2
175.5,73.09999999999999
170.8,51.8
165.4,69.40000000000001
181.5,100.1
175.1,64.40000000000001
165.2,56.6
178.0,65.8
178.8,65.3
172.9,62.6
160.5,47
173.5,67.7
172.5,53.7
166.5,66.40000000000001
170.3,57.8
168.0,65.40000000000001
168.1,62.4
168.2,61.9
178.2,72.3
184.9,67.3
183.0,77
166.2,62.5
171.0,66.8
177.5,71.8
161.3,66.09999999999999
173.4,66.59999999999999
169.9,68.90000000000001
169.5,60.2
163.5,70.2
183.5,78.5
161.4,54.9
174.7,72.7
176.0,81.7
170.6,59.8
165.5,71.7
168.5,65.59999999999999
167.7,62.3
173.6,68.2
175.3,76.59999999999999
167.7,64.3
179.5,61.5
177.8,67.59999999999999
165.2,48.6
175.5,59.1
176.7,59.2
167.8,65.59999999999999
172.3,63.6
179.2,70.2
167.5,66.59999999999999
171.0,82.2
159.0,73.5
160.7,66.2
163.5,64.90000000000001
169.1,56.9
171.2,79.90000000000001
168.8,58.1
170.4,57
153.2,45.1
154.7,37.4
148.4,32.6
147.0,37.7
170.5,68
169.5,67.40000000000001
171.7,56.9
168.9,55.8
164.0,73.5
168.5,68.7
169.8,62.8
176.6,57.8
167.0,69.5
172.5,86.8
177.2,74.7
181.8,72.8
168.0,61.6
173.7,75.8
173.7,92.59999999999999
168.0,70.5
171.5,52
171.0,71.2
162.4,63.7
162.8,63.2
160.5,52.4
163.2,69.2
164.5,61.9
157.7,44.4
164.6,54.4
156.8,64
165.4,73.40000000000001
165.2,45.1
147.8,31.8
159.8,49
174.9,93.40000000000001
171.0,52.9
163.0,63.6
164.6,57.5
165.4,47.5
180.7,58.5
151.6,49.5
158.4,56.4
157.7,58.2
159.5,47.1
173.5,68.3
168.5,57.2
164.3,64
163.2,47.2
170.4,59.6
163.0,45.4
170.6,51.1
168.0,63.3
170.0,64.2
162.9,62.3
177.2,65.90000000000001
173.3,61.1
158.0,57.8
173.0,66.09999999999999
174.2,90
152.0,33.6
161.8,49.5
141.8,54
154.2,48
163.2,62.5
159.2,48.7
167.9,41.6
165.7,74.7
170.7,53.6
178.7,59.6
174.8,63.2
176.3,72.09999999999999
175.2,94.3
169.0,55.5
173.8,51.3
166.2,49.4
153.0,48.1
159.8,74.5
172.5,55.4
169.5,63.4
175.2,70.90000000000001
176.4,58
159.4,43.4
157.5,63.7
160.4,64.7
161.8,46.6
168.6,57.1
152.4,39.7
166.6,54.9
141.1,30.8
142.8,33.7
177.0,69
185.5,71.7
181.2,64.2
185.9,80.3
180.4,69
165.5,73
176.7,65.09999999999999
180.6,70.2
166.5,61.2
178.9,62.2
179.2,62.7
164.4,61.1
169.7,52.4
168.5,79.7
171.9,59
174.3,57.5
178.8,53.8
153.0,38.8
144.6,34.8
153.8,44.3
165.3,68.90000000000001
148.3,48.2
151.7,38.8
162.7,60.3
175.2,81.09999999999999
173.2,52.7
180.2,58.5
175.1,64.90000000000001
172.4,63.3
153.0,38.4
160.2,43.9
167.3,51.6
144.5,33.2
169.7,63.8
168.7,50
169.2,65.2
180.7,59.8
172.9,62.4
171.0,67.7
180.1,60.5
168.7,57.4
175.8,62.7
174.2,83.09999999999999
161.5,54.5
173.5,97.3
170.4,53.1
170.0,58
167.4,63.5
171.8,57.3
175.3,60
174.5,71.7
160.1,45.3
172.6,57.8
165.2,52.3
165.5,48.4
168.0,65.59999999999999
160.2,57
179.0,86.59999999999999
181.8,107.5
167.0,61.9
162.7,48.7
174.4,60.7
161.0,54.4
175.8,64.5
177.3,73.59999999999999
169.9,55
186.1,69.09999999999999
174.6,81.2
168.8,57.6
174.5,86.5
180.0,69.59999999999999
175.5,74.8
169.7,55.1
172.6,81.2
167.7,68.90000000000001
177.7,60.9
171.6,49
174.6,69
176.0,62.2
184.4,77
172.6,55.8
178.8,80
169.9,57.6
170.6,72.40000000000001
174.7,62.8
178.5,91.7
180.0,91.3
179.1,59.2
175.5,59.6
169.0,54.7
173.7,54.2
172.5,87.3
163.3,84.59999999999999
177.5,76.5
179.2,79.7
169.2,64
165.5,46.9
170.4,78.40000000000001
170.7,76.5
172.6,70
171.5,68.2
180.9,74.8
175.2,75
173.4,61.6
170.6,71.09999999999999
165.3,52.4
174.4,54.4
164.7,55.7
174.0,67.40000000000001
168.0,65.5
174.1,58.6
174.6,54.2
172.2,56.1
178.4,73.8
175.6,63.5
176.4,76.7
176.2,87
181.6,78.09999999999999
178.9,79.5
168.3,62
176.3,70.3
175.7,60
169.2,50.6
171.8,77.90000000000001
158.0,41
145.0,41.8
152.8,35.9
162.3,49.9
162.3,45.8
153.0,49.8
159.1,43.7
158.8,45.3
140.8,32.2
150.5,51.7
148.6,41
153.6,56.5
166.9,68.09999999999999
150.0,60.7
140.4,36.1
161.7,55.4
154.4,55.2
165.2,65.09999999999999
157.0,42
161.3,55.5
154.3,59
165.3,57.7
158.4,43.4
147.0,50.8
158.0,48.4
152.0,44.4
155.7,64.09999999999999
154.6,47.5
154.3,40.7
163.7,58
151.4,44
158.6,57.7
146.9,45.3
166.3,63.7
144.7,34.6
163.4,40.5
147.5,49
145.6,43
168.5,51.3
174.1,51.6
152.5,43.2
158.9,49.2
149.5,44.2
168.7,67.90000000000001
143.8,31.5
154.2,44.5
175.2,76.09999999999999
174.7,58
159.3,57.3
153.0,53.2
152.5,41.1
166.4,51.9
166.9,57.4
155.0,57.2
168.3,72.59999999999999
163.4,90.40000000000001
165.8,74.90000000000001
143.5,44.9
169.5,83.2
170.7,56.9
170.2,70.09999999999999
171.7,62.3
169.7,78.7
167.3,52.4
178.6,89.2
163.1,60.3
171.6,77.09999999999999
169.3,72.7
163.0,75.8
175.1,76.2
166.6,48.2
172.8,71.7
181.0,72.40000000000001
175.8,79.5
165.4,74.40000000000001
171.6,60.1
172.9,72.59999999999999
174.6,76.59999999999999
176.2,75.2
165.6,77.09999999999999
170.0,62.3
183.7,97
177.6,84.8
173.0,60.5
177.0,77.59999999999999
176.3,78.2
166.1,66.2
177.0,76.09999999999999
163.6,56.8
172.7,77.3
161.7,73
170.6,70
171.0,58.6
163.8,54.9
171.0,66.8
172.6,62.8
171.3,71
180.2,94
164.9,66.5
180.7,74.09999999999999
169.3,71.2
177.9,70.2
172.6,85.40000000000001
175.4,66.5
171.7,82
162.9,76.2
172.2,79.3
182.8,108.2
161.5,66
168.3,72.2
165.9,67.40000000000001
173.3,75.40000000000001
166.9,57.6
170.0,69.7
176.6,83
163.1,74.40000000000001
172.4,85.2
171.0,73.3
175.6,69.90000000000001
177.3,80.40000000000001
172.0,59.6
175.7,68
166.0,68.09999999999999
171.4,68.2
172.6,87.59999999999999
169.0,82.5
175.5,80.8
165.2,57.9
173.3,57.5
168.7,70.8
181.1,85.09999999999999
169.1,72.2
161.0,66.59999999999999
159.8,67.2
157.3,52.1
174.8,89.40000000000001
164.8,62.6
163.8,64.90000000000001
132.0,27
169.9,69
162.1,68.40000000000001
153.2,41
176.2,82
178.5,88.3
170.2,69.2
158.5,45.3
128.2,24.1
163.2,60.5
172.8,77.40000000000001
162.7,72.90000000000001
165.5,74.5
162.7,67.3
166.6,68.40000000000001
168.9,74
169.6,60.7
170.5,64.90000000000001
170.0,76.5
145.6,31.4
166.6,53.3
128.8,26.9
171.0,65.90000000000001
175.2,78.8
167.0,79.7
181.5,70
173.2,58.7
172.3,77.09999999999999
146.1,32.8
167.2,61.5
175.6,85.40000000000001
172.2,85.3
172.7,75.59999999999999
153.7,38.6
151.8,37.7
179.0,77.7
157.9,66.2
171.1,67.3
165.0,65
169.3,69.09999999999999
167.1,59.1
150.2,41.8
151.5,47
171.3,57.9
150.4,38.6
170.7,83.90000000000001
173.0,70.3
166.1,69.2
160.4,66.8
163.6,76.09999999999999
171.8,61.8
163.8,60.2
176.0,65
166.7,87.59999999999999
177.7,86.7
168.3,82.5
162.2,72
176.8,99.2
165.5,65.8
175.5,76.09999999999999
171.3,76.40000000000001
174.5,82.09999999999999
166.2,60.1
166.4,63
164.2,70.3
187.8,80
173.5,60.6
169.7,63.3
165.9,93.8
169.7,69.90000000000001
159.8,80.40000000000001
171.8,80.3
178.7,94
169.2,51
158.8,58.1
167.1,76.09999999999999
152.5,40.6
175.6,79.59999999999999
166.0,68.7
164.9,61.3
173.8,63.5
176.4,81.5
178.5,80.5
175.8,84.40000000000001
170.1,63.2
174.4,76.2
177.6,93.90000000000001
173.1,65.09999999999999
171.9,61.8
166.6,76.3
151.2,36.5
180.0,62.2
154.5,40.3
175.2,71.5
166.5,62.4
179.6,82
172.6,72.2
175.8,64.40000000000001
169.2,80.09999999999999
174.5,77.8
164.2,72.2
170.8,71.40000000000001
164.4,55.2
167.7,71
169.8,69.7
185.6,85.59999999999999
175.8,78.7
165.4,67.3
178.1,97.3
171.1,71.5
168.7,58.9
171.3,79.2
173.2,68
128.8,26.2
171.7,82.7
179.7,77
170.7,68.40000000000001
179.2,78
165.2,69.40000000000001
174.8,73.90000000000001
170.7,74.7
180.7,79
171.6,75.7
166.6,56.3
180.3,85.90000000000001
166.7,81
176.0,71.40000000000001
173.2,81.59999999999999
174.5,76.8
165.9,86.59999999999999
168.7,70.40000000000001
173.6,56.4
177.6,69.09999999999999
182.7,101
173.8,62.6
168.4,71.5
170.5,72.59999999999999
175.6,74.09999999999999
180.5,76.59999999999999
174.7,63.2
145.0,31.4
179.0,83
177.9,83.59999999999999
174.4,74.59999999999999
179.2,69.40000000000001
168.3,75.59999999999999
170.1,75.5
168.2,73.3
166.9,63
166.0,78.40000000000001
174.2,98.5
170.1,87.09999999999999
167.8,72
169.9,75.09999999999999
169.3,73.59999999999999
174.3,97
164.4,71.40000000000001
173.6,53.7
177.4,77.09999999999999
164.7,80.59999999999999
174.4,88
168.6,69.59999999999999
163.1,65.8
178.0,82.90000000000001
179.7,86.09999999999999
171.0,78.7
167.5,65.40000000000001
173.3,84.59999999999999
168.4,49.6
174.5,81.3
162.7,56.6
165.0,71.3
165.2,67.7
169.7,67.3
173.1,84.90000000000001
163.8,55.5
166.3,57.8
168.6,67.59999999999999
168.1,71
179.0,65.8
157.7,47.8
181.4,76.09999999999999
165.6,69.5
166.0,71.5
171.3,79.3
165.9,81.59999999999999
146.5,34.8
179.3,67.2
157.1,69.5
160.0,56.9
179.2,73.90000000000001
166.8,66.09999999999999
163.2,64.90000000000001
170.7,68.09999999999999
167.0,65.5
166.0,57.3
151.7,39
175.7,60
180.9,71.8
176.8,85.40000000000001
167.0,57
166.0,58
171.1,76.40000000000001
165.2,69.59999999999999
171.7,73.7
178.4,99
177.5,77.3
153.4,65.5
169.7,72.40000000000001
181.5,68.2
170.4,72.40000000000001
167.5,61.6
166.5,64.5
183.7,93.59999999999999
169.5,70.3
173.3,72.2
165.1,59
166.8,78.5
170.0,73.8
171.5,81.59999999999999
175.4,67
168.5,70
170.3,66.8
179.9,69.8
170.1,59.2
170.4,64.2
171.4,67.5
171.8,79.7
167.6,83.59999999999999
175.0,82.59999999999999
164.7,60.6
167.7,66.8
172.1,63.5
179.0,75.8
148.7,41.7
172.1,79.40000000000001
163.5,63.6
165.2,56.7
170.0,59.6
167.0,65.7
177.4,82.2
173.6,110.1
174.8,75.90000000000001
173.0,70.59999999999999
174.3,66.59999999999999
172.2,73.09999999999999
177.0,69.5
169.5,77.40000000000001
132.1,35.6
178.1,63.3
122.5,23.5
164.9,74.90000000000001
171.1,68.5
175.3,72
174.0,75
176.6,62.9
172.6,70.7
166.7,58.7
175.3,68
160.5,73.90000000000001
178.0,84.3
174.8,76.59999999999999
179.5,72.09999999999999
177.7,74.2
179.0,76.90000000000001
171.4,81.5
169.9,68
181.3,67.40000000000001
173.6,66.7
183.6,68.8
175.0,77
163.4,58
172.9,59.2
172.0,73.8
170.9,67
168.5,65.5
170.8,96.40000000000001
173.3,66.09999999999999
171.0,54.8
179.7,80.90000000000001
169.6,74.7
163.6,63.6
170.6,67.2
174.4,61.2
178.7,76.59999999999999
171.4,74.90000000000001
182.8,70
166.0,59.5
178.7,63.6
172.8,72.3
169.6,65.40000000000001
164.3,80.7
168.9,74.8
164.9,54.9
163.4,61.5
182.5,75.2
177.5,64.8
177.4,80.5
173.5,71.09999999999999
168.7,58.4
167.7,75.40000000000001
180.2,78.7
180.2,67.5
163.0,59.6
173.2,101.8
172.0,85.40000000000001
169.3,74.3
174.9,81.3
171.6,69.09999999999999
170.5,70.7
167.7,70.2
180.3,65.90000000000001
166.5,67.59999999999999
175.5,56.2
164.5,60.7
181.3,96.09999999999999
187.4,83.90000000000001
178.5,71.09999999999999
165.8,79.2
178.2,63
175.9,77.90000000000001
164.7,68
168.6,73
166.0,63.7
177.0,76.3
184.6,96
176.2,87.09999999999999
162.6,69.59999999999999
167.3,54.8
179.1,70.5
170.2,75.40000000000001
170.1,62.5
180.6,90.8
169.5,64.59999999999999
182.2,70.09999999999999
161.0,64.90000000000001
178.5,65.40000000000001
172.6,78.3
182.0,75.90000000000001
170.3,72.7
174.6,99.2
168.3,82.3
171.2,74.2
159.6,78.7
171.2,62.9
171.7,64.3
170.8,87
169.5,63.6
173.5,85.3
162.7,46
176.1,75.2
170.5,71.2
163.0,68
168.7,75.2
172.3,66.09999999999999
168.1,83.5
173.9,66.40000000000001
172.0,67.09999999999999
174.5,65.09999999999999
174.7,70.8
177.4,78.7
174.4,81.40000000000001
163.4,84.3
168.9,78.59999999999999
165.7,87.7
169.3,65.3
171.3,72.5
134.5,38.7
165.2,61.2
173.0,64.40000000000001
167.9,85.7
172.4,74.8
174.6,84.2
168.1,64.40000000000001
170.3,49.5
169.3,72.90000000000001
179.6,73.3
174.2,73.09999999999999
176.2,88.59999999999999
177.0,64.3
179.8,88
163.1,73.8
178.6,69.7
179.3,87.8
168.8,66
181.6,81.59999999999999
176.3,89.8
179.6,68.59999999999999
148.0,53.5
172.7,77.5
133.8,37.4
174.8,82.40000000000001
166.8,67.90000000000001
176.2,82.8
172.5,80.09999999999999
175.3,97.5
175.6,67.40000000000001
164.2,67.40000000000001
147.5,40.6
171.0,72.3
179.5,76.40000000000001
177.3,75.09999999999999
184.5,76.2
163.5,67
129.6,25.9
143.5,31.3
137.5,30.9
170.7,65.2
180.7,72
164.9,57.6
173.2,59.6
184.0,78.7
177.3,59.3
154.2,35.3
166.7,66.90000000000001
174.0,71.09999999999999
181.0,76.5
181.7,89.2
171.6,73.5
172.3,62.2
190.8,68.8
171.8,69.59999999999999
166.1,60.6
166.9,70.2
167.1,62
175.3,71.59999999999999
170.8,62.7
172.3,60.8
181.2,86.09999999999999
175.3,60
173.7,64.3
186.3,80.3
171.8,65.59999999999999
169.0,65.5
178.2,78.3
173.0,78.5
168.2,87.2
175.6,83.09999999999999
175.6,62.7
169.0,66.3
163.2,56.6
169.9,77.09999999999999
173.5,63.1
164.0,70.09999999999999
179.5,60
175.7,76.2
174.1,54.9
173.0,89.40000000000001
183.8,67.8
169.6,72.2
176.9,74.3
162.1,57.5
172.8,69.90000000000001
171.8,63.4
169.1,74.7
172.9,80.90000000000001
170.5,66.59999999999999
175.3,51
175.8,73.90000000000001
174.5,75.5
167.3,67.90000000000001
184.7,79.3
169.8,60.1
171.5,68.59999999999999
166.4,65.90000000000001
176.6,88.90000000000001
180.0,78.2
175.0,75.3
172.1,64.40000000000001
178.6,80.7
169.1,61.1
166.7,64.7
174.2,69.7
183.0,74.90000000000001
169.4,76.90000000000001
174.3,73.7
161.6,59.2
171.5,92
171.2,59.1
183.8,83.5
174.9,67.5
172.3,76.3
176.0,76.3
167.3,61.7
161.9,58
160.1,45
174.4,83.40000000000001
171.3,82.8
178.3,78
176.3,93.5
187.3,73.8
180.2,119.6
172.6,80.7
166.6,64.40000000000001
183.6,88.3
170.1,65.40000000000001
169.4,72.7
170.0,61.3
171.7,64.3
172.3,75.2
174.1,58.5
178.7,69.8
174.2,88.40000000000001
167.1,60.7
166.8,62.1
166.7,79.3
184.1,88.09999999999999
176.7,79.8
171.8,55.5
185.6,68.09999999999999
177.7,65.2
172.0,56.1
179.4,57.9
183.7,84
179.3,64.90000000000001
173.0,80.40000000000001
172.0,94.5
168.7,52.1
164.1,58.6
175.2,60.3
169.1,66.40000000000001
170.5,58.6
177.5,83.2
175.4,67.8
168.0,63.6
173.6,88.59999999999999
165.2,75.40000000000001
172.8,74.8
169.0,74
174.1,69.5
174.8,70.40000000000001
174.9,72.90000000000001
172.0,60.9
158.1,60.1
173.7,59.1
182.0,81.59999999999999
169.4,59.5
179.9,66.59999999999999
170.3,84.8
169.0,62.3
165.8,62.7
177.1,81.7
177.6,97.59999999999999
175.7,75.09999999999999
166.5,58
170.0,62.2
166.1,64.5
174.6,54.7
177.7,64.7
177.3,91.8
167.6,65.3
176.1,63.4
165.6,76.09999999999999
175.3,64.5
174.2,60.2
181.3,96.2
187.0,86.40000000000001
172.3,53.5
170.7,62.6
183.5,77.40000000000001
168.2,62
159.3,52.3
174.7,66.8
165.2,73.09999999999999
186.2,107.6
170.5,81.40000000000001
176.1,78
165.5,53.8
170.6,65
176.6,69.59999999999999
161.4,53.7
171.3,76.8
168.8,87.59999999999999
162.7,53.8
175.8,58.5
171.5,50.4
171.3,68.90000000000001
168.7,67.7
169.4,66.8
175.3,63
186.3,72.09999999999999
172.8,69.2
176.2,59
170.8,59.5
172.2,61.4
165.5,52.2
168.6,72.59999999999999
172.7,59.8
167.4,59.6
168.5,62.8
180.5,77.7
171.6,77.3
167.9,66.09999999999999
173.6,93.59999999999999
169.1,64.5
168.2,71.3
180.3,62.2
175.6,62.7
178.3,76.90000000000001
177.7,69
188.3,76.8
178.5,79.40000000000001
169.2,70.5
167.3,64.7
167.3,63.5
174.9,75.40000000000001
175.2,76
167.0,61.3
174.2,69.2
174.3,69.09999999999999
177.9,81.90000000000001
174.7,64.5
158.7,60.1
175.5,63.8
173.3,69.3
176.7,86.5
177.9,82
177.8,61.7
178.0,78.7
171.5,66.90000000000001
185.2,88.2
180.0,76.3
170.1,78.59999999999999
168.0,63.8
177.8,73.7
175.9,74.40000000000001
165.0,70.3
173.2,74.2
172.8,72.40000000000001
168.7,50.7
170.4,68.59999999999999
173.0,70.7
170.2,66.59999999999999
188.5,88.90000000000001
167.5,75.3
170.4,67.09999999999999
177.2,69.59999999999999
167.2,69.2
164.9,63.6
184.4,89.40000000000001
179.2,80.2
177.2,63
162.3,72.3
174.5,77
173.1,77.90000000000001
167.5,56.9
170.1,90.90000000000001
167.3,72.90000000000001
178.5,77.5
167.8,68
171.3,60.2
167.5,59.4
169.0,79.8
177.5,77.5
173.0,71
172.7,71.8
172.0,85.09999999999999
174.6,83.40000000000001
172.9,78.5
165.1,55.3
174.8,95.09999999999999
169.8,74.59999999999999
164.0,72.59999999999999
174.0,92.09999999999999
173.1,83
177.7,64.2
181.2,67.7
171.3,67.90000000000001
170.0,73.2
173.6,59.2
171.2,57
172.1,64.8
173.2,65.40000000000001
172.4,64.90000000000001
176.9,57.7
176.5,99
168.6,67.3
166.8,62.2
178.1,74.59999999999999
163.5,59.5
170.0,69.09999999999999
175.4,82.5
181.7,82.5
168.4,77.3
170.4,88.40000000000001
192.8,77.3
173.8,67.59999999999999
170.0,84.09999999999999
167.5,58.8
176.8,62.2
169.5,64.7
178.6,95.90000000000001
164.6,61.5
165.3,71.8
160.8,59.8
167.4,88.90000000000001
165.6,63.8
178.7,79.2
173.0,84.2
171.2,57.7
168.8,75.8
173.2,73.40000000000001
165.8,68
177.7,66.90000000000001
173.2,77.90000000000001
170.3,73.40000000000001
170.2,60.9
178.5,75.2
176.9,65.7
174.2,83.09999999999999
174.2,69.7
170.1,77.90000000000001
185.0,82.2
177.0,82.5
170.2,56.4
181.6,70.3
183.2,81.7
171.2,68.5
181.1,78.5
175.2,84.2
167.5,62.8
172.8,72.09999999999999
173.8,75
164.8,60.3
173.7,74.7
176.1,77.09999999999999
180.2,77.90000000000001
182.0,83.09999999999999
169.8,67.8
177.3,65.7
168.4,63
164.8,64.90000000000001
171.6,73.7
172.0,88.3
164.7,78.5
173.0,80.7
172.7,67.40000000000001
161.3,61.1
179.0,81.2
164.4,66.40000000000001
167.5,58.4
168.5,73.2
175.5,80
172.1,89.5
177.1,84.90000000000001
171.5,68.3
181.0,77.2
165.2,64.7
178.5,74
169.5,71.2
173.0,68.8
180.6,80.7
179.6,76.3
170.0,79.59999999999999
182.6,91.7
166.2,80.09999999999999
177.8,48.1